row m/z,row retention time,row identity (main ID),Wein_HA1_060218_L_Neg_09Apr21_Brandi-WCSH316609.mzML Peak height,Wein_HA1_060619_L_Neg_09Apr21_Brandi-WCSH316609.mzML Peak height,Wein_HA1_060717_L_Neg_09Apr21_Brandi-WCSH316609.mzML Peak height,Wein_HA1_082517_L_Neg_09Apr21_Brandi-WCSH316609.mzML Peak height,Wein_HA2_062718_L_Neg_09Apr21_Brandi-WCSH316609.mzML Peak height,Wein_HA2_081319_L_Neg_09Apr21_Brandi-WCSH316609.mzML Peak height,Wein_HA3_082218_L_Neg_09Apr21_Brandi-WCSH316609.mzML Peak height,Wein_HA4_060619_L_Neg_09Apr21_Brandi-WCSH316609.mzML Peak height,Wein_HA4_062718_L_Neg_09Apr21_Brandi-WCSH316609.mzML Peak height,Wein_HA4_081319_L_Neg_09Apr21_Brandi-WCSH316609.mzML Peak height,Wein_HA5_060717_L_Neg_09Apr21_Brandi-WCSH316609.mzML Peak height,Wein_HA5_081319_L_Neg_09Apr21_Brandi-WCSH316609.mzML Peak height,Wein_HA5_082218_L_Neg_09Apr21_Brandi-WCSH316609.mzML Peak height,Wein_HA6_060218_L_Neg_09Apr21_Brandi-WCSH316609.mzML Peak height,Wein_HA6_062718_L_Neg_09Apr21_Brandi-WCSH316609.mzML Peak height,Wein_HA6_082218_L_Neg_09Apr21_Brandi-WCSH316609.mzML Peak height,Wein_HA7_060218_L_Neg_09Apr21_Brandi-WCSH316609.mzML Peak height,Wein_HA7_060717_L_Neg_09Apr21_Brandi-WCSH316609.mzML Peak height,Wein_HA7_082517_L_Neg_09Apr21_Brandi-WCSH316609.mzML Peak height,Wein_HA8_082517_L_Neg_09Apr21_Brandi-WCSH316609.mzML Peak height,Wein_HS1_060619_L_Neg_09Apr21_Brandi-WCSH316609.mzML Peak height,Wein_MA2_062618_L_Neg_09Apr21_Brandi-WCSH316609.mzML Peak height,Wein_MA3_060318_L_Neg_09Apr21_Brandi-WCSH316609.mzML Peak height,Wein_MA3_081017_L_Neg_09Apr21_Brandi-WCSH316609.mzML Peak height,Wein_MA4_081017_L_Neg_09Apr21_Brandi-WCSH316609.mzML Peak height,Wein_MA4_082018_L_Neg_09Apr21_Brandi-WCSH316609.mzML Peak height,Wein_MA5_062717_L_Neg_09Apr21_Brandi-WCSH316609.mzML Peak height,Wein_MA6_060318_L_Neg_09Apr21_Brandi-WCSH316609.mzML Peak height,Wein_MA6_062717_L_Neg_09Apr21_Brandi-WCSH316609.mzML Peak height,Wein_MA6_081419_L_Neg_09Apr21_Brandi-WCSH316609.mzML Peak height,Wein_MA6_082018_L_Neg_09Apr21_Brandi-WCSH316609.mzML Peak height,Wein_MA7_060318_L_Neg_09Apr21_Brandi-WCSH316609.mzML Peak height,Wein_MA7_062618_L_Neg_09Apr21_Brandi-WCSH316609.mzML Peak height,Wein_MA7_062717_L_Neg_09Apr21_Brandi-WCSH316609.mzML Peak height,Wein_MA7_081419_L_Neg_09Apr21_Brandi-WCSH316609.mzML Peak height,Wein_MA8_062618_L_Neg_09Apr21_Brandi-WCSH316609.mzML Peak height,Wein_MA8_081017_L_Neg_09Apr21_Brandi-WCSH316609.mzML Peak height,Wein_MA8_081419_L_Neg_09Apr21_Brandi-WCSH316609.mzML Peak height,Wein_MA8_082018_L_Neg_09Apr21_Brandi-WCSH316609.mzML Peak height,Wein_MS4_060819_L_Neg_09Apr21_Brandi-WCSH316609.mzML Peak height,Wein_MS5_060819_L_Neg_09Apr21_Brandi-WCSH316609.mzML Peak height,Wein_MS6_060819_L_Neg_09Apr21_Brandi-WCSH316609.mzML Peak height,Wein_XA1_082118_L_Neg_09Apr21_Brandi-WCSH316609.mzML Peak height,Wein_XA2_060117_L_Neg_09Apr21_Brandi-WCSH316609.mzML Peak height,Wein_XA2_060118_L_Neg_09Apr21_Brandi-WCSH316609.mzML Peak height,Wein_XA2_081219_L_Neg_09Apr21_Brandi-WCSH316609.mzML Peak height,Wein_XA2_082417_L_Neg_09Apr21_Brandi-WCSH316609.mzML Peak height,Wein_XA4_081219_L_Neg_09Apr21_Brandi-WCSH316609.mzML Peak height,Wein_XA5_060117_L_Neg_09Apr21_Brandi-WCSH316609.mzML Peak height,Wein_XA5_081219_L_Neg_09Apr21_Brandi-WCSH316609.mzML Peak height,Wein_XA5_082118_L_Neg_09Apr21_Brandi-WCSH316609.mzML Peak height,Wein_XA5_082417_L_Neg_09Apr21_Brandi-WCSH316609.mzML Peak height,Wein_XA6_060117_L_Neg_09Apr21_Brandi-WCSH316609.mzML Peak height,Wein_XA7_060118_L_Neg_09Apr21_Brandi-WCSH316609.mzML Peak height,Wein_XA8_060118_L_Neg_09Apr21_Brandi-WCSH316609.mzML Peak height,Wein_XA8_082118_L_Neg_09Apr21_Brandi-WCSH316609.mzML Peak height,Wein_XA8_082417_L_Neg_09Apr21_Brandi-WCSH316609.mzML Peak height,Wein_XC1_060719_L_Neg_09Apr21_Brandi-WCSH316609.mzML Peak height,Wein_XC6_060719_L_Neg_09Apr21_Brandi-WCSH316609.mzML Peak height,Wein_XS2_060719_L_Neg_09Apr21_Brandi-WCSH316609.mzML Peak height
510.4917979,19.70842314,Cer(d18:0/14:0),2861356,3703171.75,3603646,4702074,1127607.625,4511882,3676989.5,3147193.75,3862095,4244399.5,3280219.25,4406581.5,1060753.375,1611239.75,1490456.5,4206352.5,969201.875,3265793.25,2422196.25,3305592.75,2933643.5,1859467,407124.6875,490361.3438,1932865.75,1177403.5,888270.1875,525186.125,891529.625,585570.25,4342035.5,488303,4212433,1817312.375,2445597,689651.6875,868494,583936.875,2503562.5,1145482.625,1425136.875,2046966.25,4835346.5,5928668,5489994,5374986,8875657,5627027,2887724.5,5622443.5,4974302.5,3189469.75,3173855.75,3518870,5792736,3296620.75,3356201.75,2729065.75,6022667,2916854.5
524.5075724,20.39363694,Cer(d18:0/15:0)_A,2173725,3366448.5,1730455.75,2417495.25,668623.5,3279512.5,2586844,2171903,1960074,4197790.5,1599627,2225311.5,716953.375,709501.6875,932278.375,1579329.375,650459.875,1489415.125,1920469,2374113.5,1624951,1514072.5,178025.1563,198767.1094,485958.3438,489472.2813,427750.9688,191393.9844,392843.5938,179917.1719,2571466.75,230024.9844,2169331.5,1198842.25,1982428,349218.1563,332457.4688,150698.0938,2066968,818958.9375,645328.3125,1518191.625,970562.9375,1040753,1382948.875,628151.875,2120464.25,1061772.125,1130256,1229240,1329485.625,875380.6875,885028.8125,1063955.5,754500.125,1064339.875,1176693.5,849141.375,737550.6875,666941.4375
524.5072667,20.38915922,Cer(d18:0/15:0)_B,2173725,3366448.5,1730455.75,2417495.25,668623.5,3279512.5,2586844,2171903,1960074,4197790.5,1599627,2225311.5,716953.375,709501.6875,932278.375,1579329.375,650459.875,1489415.125,1920469,2374113.5,1624951,1514072.5,178025.1563,198767.1094,485958.3438,489472.2813,427750.9688,191393.9844,392843.5938,179917.1719,2571466.75,230024.9844,2169331.5,1198842.25,1982428,349218.1563,332457.4688,150698.0938,2066968,818958.9375,645328.3125,1518191.625,970562.9375,828310,1382948.875,628151.875,2120464.25,1061772.125,1130256,1229240,1329485.625,875380.6875,885028.8125,1063955.5,754500.125,1064339.875,1176693.5,849141.375,706319.5625,666941.4375
538.5226547,21.32577161,Cer(d18:0/16:0)_A,1238532.75,1474583,948152.9375,1108712.125,433600.8125,1842062.375,1393627.875,1254705.625,1178607.125,1376003.375,844113.5625,1409654.375,448275.6875,387849.5,513780.0313,885931.0625,243298.2188,922783.4375,894666.5625,965273.625,904996.25,836801.625,160125.5469,194181.9531,430463.5625,384071.9375,441155.375,217108.9688,433883.3125,215881.5,1711875.125,270071.875,1060291.375,634852.5,986510.375,265344.875,397328.1563,193597.5625,982956.5625,598218.75,591360.5625,788909.25,1795427.125,1937290.25,2277683.75,2195022.75,3021599.75,2338619.75,1047947.438,2098322.75,1672694.5,768290.5625,1950720.25,965611.4375,1416818.75,980679.9375,1402898.75,972494.875,1254963.75,808697.1875
538.5226532,21.60928231,Cer(d18:0/16:0)_B,7167917.5,7771674.5,5606020,9161543,2209835.75,1.06E+07,8537172,6285100,7378355.5,8534271,6352110.5,8095784.5,2743619,3611365.25,3297590.5,6718571.5,1762949,6165523,5295876,6408411,6247950,4552981,1347718.125,2157381.5,5623225,4202977,3180243.5,2114260.25,2697726.5,1901467,7265404,2408704,8631009,5512325,6262852.5,2237861.75,3168543,2280573.75,6271004.5,4414540.5,4734427.5,4194872.5,7841401,7997595,7492577.5,5371793,1.04E+07,6669339,4207726,9813396,6366868.5,5101913,6069256,3997006,4412623,3749704,6727786.5,4258425,4368368,4760707
538.5227109,21.91374903,Cer(d18:0/16:0)_C,6044168.5,4974226.5,4837908,4364223.5,4045610.75,4745843,3385100.75,3410637,7166537.5,8098445,5960521.5,5214640.5,4924042,6073919,4218062,4787453.5,3975781.25,5357962.5,4036359.75,3356738.75,3967690.25,3252641.5,1271480.625,1601774.875,3103677.5,4022947.5,3604821.25,1305792.25,3057820.25,1235566.75,1675890.75,1888972,2862559,1897912.5,2498701.25,2425975.25,1583802.75,1412925.875,2848773.5,1820799.125,3564679.75,3797256,2660025,8708728,3532283.75,3005351.25,4271942,3159591.25,2977334.5,3745072.5,3575596.75,3069891.5,2067368.625,4452481.5,2794762,2896679.75,3773156.25,1889876.375,2770127.25,2760506.5
552.5383538,22.10710206,Cer(d18:0/17:0),1987350.25,2137551.5,1250400.125,1952223.25,720622.1875,3107559.25,2169051.75,1445304.625,2165029.75,2225608.75,1737566.75,2008229.75,813073.125,832425.6875,808361.25,1409142,451696.7188,1344178.875,1489959.125,1666621,1331767.25,1322656.75,288090.4063,242169.8906,844737.1875,909613.5,754739.3125,363491.625,630045.125,413985.6563,2180546.5,388570.4375,1367953.375,692456.5625,1080844.375,584880.5,411833.3125,424373.8125,1326590.875,851790.75,845975.8125,1224896.875,1069656.25,1041017.188,1213167.625,762940.875,2563814.75,1725987.625,841075,1573739.875,1250071.625,895571,1759575.125,1142109.625,894278.3125,884027.3125,1557687.125,1362949.375,1200681.375,1247511.625
622.6175254,24.89048014,Cer(d18:0/22:0),3673801.5,4463948,967127.0625,2842184.75,552827.8125,2228732,2326882.25,2474269.5,1545101,2643793,1597123.375,1276131.375,509474.6563,917596.125,685648.625,1239204.125,734124.375,1105442.5,2666226.75,3751072.75,1775775.875,898216.5625,446136.3438,420286.2188,728520.75,505670.625,509670.4688,479227.5313,549849.75,410239.9375,1245254,394150.4375,878433.4375,880385,893478.5625,476780.0938,471533.1563,282191.25,1213201.5,583926.625,688261.9375,670131.125,670305.5625,582488.0625,969351.125,478930.5938,1440268.125,710575.3125,453029,1257161,841524.8125,335719.3438,1068107.25,641501.125,856976.1875,332620.1875,693206.875,477241,365187.7813,387465.0938
650.6484584,25.65150239,Cer(d18:0/24:0),2957314.5,3787298,1215162.75,4262229.5,771081.4375,1692116.125,2181121.5,2550729.25,1967114.125,3961498.5,1691211.625,1348556.375,596726.0625,1195604.375,1420005.875,2203022,928773.9375,1626842.625,4851896.5,4270280,1752703.125,1115005.5,595784.8125,623213.1875,816843.3125,494164.8438,485559.6563,643923.375,755973.0625,464428.6563,1332619.25,420465.7813,1061385.875,1049790.25,868490.875,513609.25,720514.125,270449.6875,592409.5625,570631.5,512931.4375,614721.6875,679223.8125,526470.0625,808028.75,444270.625,729798.5625,542449,390511.0938,1076748.625,748536.25,303333.7813,991884.5,503411.0625,831613.5,323211.1875,383503.8125,429287.5,291584.5938,410530.8438
648.6328088,24.88595192,Cer(d18:0/24:1),6198169.5,1.11E+07,885742.875,6572795,632289.875,5080266,2654786.75,4136003.5,2643335.5,5853707.5,1246728.125,734217.125,404643.1875,700958.5625,1017436.313,1484315.625,507769.8438,988817.0625,5242269,5437085.5,954136.4375,1384012.375,135852.875,121382.1484,205333.0781,135694.8906,128165.4609,86869.28906,163062.9063,89397.69531,1412831.875,104011.9063,2498976,2932780.75,1175160.125,91831.58594,235160.8594,77081.38281,603904.4375,184216.8281,138290.1719,237140.3438,195737.9375,265871.25,174052.9219,257724.9219,235104.8281,167983.2813,192576.4844,1023044.938,232963.6719,205963.7188,286081.125,235860.3906,242338.1875,208104.7031,182973.7969,112512.4766,157235.9844,96008.58594
678.6799091,26.31847489,Cer(d18:0/26:0),393723,295739.0313,258619.9844,427983.3125,187042.8281,158310.25,196245.8594,238750.4844,294269.4375,436691.4688,289089.9688,171771.25,128793.6406,330149.9063,603378.0625,323801.0313,311361.625,294250.75,500396.2813,431336.3438,296632.3125,75417.30469,177188.1563,175531.2656,148665,71588.85156,73831.63281,140365.8594,164746.6094,79102.5625,117156.5859,83246.28906,91950.85156,81469.57813,86898.00781,112842.5547,103630.5156,56629.42969,69389.875,111880.4219,69839.66406,103165.6484,185265.3438,143041.0938,239551.3906,138987.2031,195667.7188,144702.1406,97070.64063,231272.6094,249975.1406,77718.71875,383452.875,152380.9063,202180.6406,80561.08594,110207.4531,127036.9141,69455.88281,74253.29688
508.4759083,18.97085297,Cer(d18:1/14:0),818119.0625,1019986.375,655355,834032.5625,528622.9375,1027034.625,584160.8125,946854.8125,1019149.313,934178.0625,833551,697281.75,566350.1875,494540.75,574840.75,887096.4375,431091.2813,853398.125,653097.625,498492.2813,551629.6875,923054.4375,553405.5625,652243.875,986516.5,1431263.5,1198012.625,683128.9375,1155804.125,728506.8125,715112.25,916608.4375,892040.5625,835227.25,689484.375,713729.9375,756650.125,839301.25,1016310,947967.3125,974595.125,1345957.75,649081.9375,766343.75,1095306.75,683972.875,1027237.375,834755,874328,916945.9375,818085.0625,875936.3125,547900.4375,1149971.375,534809.625,778491.8125,766578,738294.125,887735.5,887653.8125
536.5072144,20.68824753,Cer(d18:1/16:0)_A,2092839.75,2247440.25,1623609.125,1087793,1252321.75,1763915.5,1611033.75,1497225.75,2647027.25,2536770.5,1810498.875,2549640.5,1481722.625,1278433.5,1572293.5,1620558.25,726868.0625,1588282.375,1365929.75,1157574.5,1385150.125,1501077.25,773502.125,741696.6875,1494392.125,1783812.5,1584794.375,863924.5625,1320153.25,1113226.5,1035996.313,895101.0625,1725448.375,1070625.375,1140327.625,1161635.125,775707.5625,998258.5625,1417816.875,924433.625,1182191.125,1729781.5,773965.875,1091004.75,1187452.25,1076188.125,2048311.25,1394216,1844725.5,1278543.75,1101276.625,1647737.5,890570.25,1747457.375,945196,1335737.625,1331088,1214331.625,1477702.5,1178513.75
536.5070976,21.01789561,Cer(d18:1/16:0)_B,6382131,7317151.5,4998668,6840059.5,2324593.75,8125903.5,7798706.5,4973474.5,7188877.5,9252594,6282870,6341082,3467675,3709968.75,4209322,4396723.5,2325107.5,5074697.5,4498304.5,4962584,4075253.5,6205574,2699011.75,2342517,3713895,4930799,4300179,2476063.25,4875563.5,2420413.25,6556798.5,2348796.5,5800111.5,4712323.5,5277482.5,3135277.75,3634754,2625092.5,6342268.5,4727290,6197706.5,7155685,3079036.25,4594248,4300509,2938362.75,6894683,3858932.5,4051158.5,4353634.5,4831194,3473515.5,3809265.5,4519236.5,3368810.5,3302129.75,3787389.5,3382518.5,2760897,2837086
564.5384241,22.54733033,Cer(d18:1/18:0),1057873.125,1215871.375,875511,971917.3125,502268.7188,990125.5,1028387.938,1224622.25,930297.4375,1146597.25,948612.625,684586.125,595417,827096.25,781262.875,827505.8125,599381.75,849523.8125,829602.3125,859493.625,866518.375,951398.1875,615106.6875,647314.3125,800116.125,762386.1875,1085912.75,750957,1032900.188,586001.625,738447,852373.9375,864738.75,870351.6875,705097.3125,524768,826444.6875,504203.5938,937825.0625,723614.0625,1646467.375,863195.875,678060.625,634972,791494.1875,530447.25,1518208.125,776005.625,673272.0625,926753.6875,977962.3125,583597.5625,764906.3125,801802.4375,539329.4375,871840.625,756144.5,665011.875,623373.5,694038.9375
648.6328067,25.39645356,Cer(d18:1/24:0),3175029.75,2997604.75,2873002.75,3514664.75,1437447.25,2059386.625,2106726.75,2345726.25,4312905.5,3074935.25,2976576.5,1573445.25,1459597,2148772.25,4956723,4163309.25,1738039,3144377,5112753.5,2728643.25,2782521.75,1173496.125,1194777.375,730937.0625,1157430.25,1172962.125,1516980.125,1734989.625,1478711.25,1071751.625,912199.125,874850.375,895955.0625,877496.5,870639.6875,1322821.25,1153291.875,1014817,775837.4375,969194.75,850769.3125,832659.0625,1492361.625,1275931.625,2057039.625,1587409.25,2472392.25,1638270.625,1122262.625,2304774.75,1897030,1238830,2060602.5,1851930.375,1667652.875,657228.125,1270163.875,858621.375,793782.1875,851847.375
676.6641678,26.09129264,Cer(d18:1/26:0),430588.6563,348135.6875,465133.4375,386949.875,298134.8438,201776.6719,237894.9844,444884.4063,465224.6563,538437.875,556016.5625,229512.2813,192215.8594,412921.6875,1009224.125,424674.9375,477960.625,518406.7188,613109.5625,476356.9688,461669.875,188043.8281,302378.875,344635.1563,198172.75,135567.4219,108552.0625,310837.9375,407042.6563,121627.4141,178877.2188,148839.2344,100020.1328,136172.6563,176886.7656,171989.5469,256510.9063,59944.17969,127341.75,160476.7188,137710.3438,135445.4375,320646.5625,260917.1563,356576.0313,270750.25,290970.2813,290508.5625,210019.9063,397554.0938,465833.25,176280.1563,524505.375,381286.125,428202.9375,157757.8438,233117.1406,230562.0625,155833.625,180972.9219
534.491628,20.05527606,Cer(d18:2/16:0),1999782.75,4873776.5,2194160.25,2053232.5,1000875.5,1481178.875,1249033.25,1399697.25,2136234.75,2034457.75,2660759.75,2145220.75,1661039,1697741.625,1249385.25,1812972.625,737286.5625,2177574.25,1554496.25,1236937.75,1786408.5,788514.8125,716991,529778.5625,620087.125,1493044.5,867141.25,574237.1875,834682.4375,569161.8125,843481.3125,344848.6563,851041.6875,664536,589813.0625,1125945.25,468566.625,574317.1875,675924.6875,535340.6875,692496.875,821157.8125,939484.5625,744108.75,1328513.125,1249646.375,1511246.25,920992.6875,1464437.875,1308436.75,1669902.5,1478519.75,1037161.75,1725954.125,891745.8125,1033724.438,1093558.25,827363.625,1204268,840410.3125
660.4638499,16.64573283,PE(14:0/16:1)_A;PE(15:0/15:1)_A,399714.4063,357306.4688,431667.5313,228361.5938,531674.1875,107020.625,326872.25,198371.7813,266518.5938,427233.7813,560462.25,464490.8125,752054.625,592974.6875,761764.5625,491727.5625,369038.9063,485674.75,762468.0625,171404.2813,574624.1875,1002505.188,776032.875,482436.0625,1523509.75,1665740.75,975383.25,632377.4375,1182501.875,1181806.375,250196.6563,935890.6875,709654.5625,948604.125,689662.6875,952706.75,673203,678672.5,979993.5,601447.3125,1110887.75,728037.1875,414337.5625,798217.8125,932839.75,771604.6875,576629.5,1093636.25,715709.0625,343101.7188,145418.0313,808069.5625,284942.75,615904.4375,257719.9844,896632.6875,321337.6875,623550.5625,1452007.5,1006318.938
660.4638636,16.82676875,PE(14:0/16:1)_B;PE(15:0/15:1)_B,434970.2188,296957.875,410230.375,209907.3906,501058.5313,108425.875,233474.2969,229530.1563,261057.0938,358052.4375,511836.0313,284732.4375,572208.75,461871.4688,545808.875,331790.9688,319472.9688,488897.5938,539889.625,139515.25,448061.9063,809294.4375,352044.125,423107.5313,925329.25,1015185.313,520531.4063,249709.6094,942542.0625,970076.5,159532.2656,461337.4375,479111.125,390327.9688,347012.2813,534957.375,392161.25,243488.7188,511745.6563,438733.0938,912645.75,505194.2188,263985.8438,453365.1563,435953.875,308122.2188,351683.6875,449202.5938,806295.75,240883.6563,141632.6094,709224.6875,219271.4844,675412.3125,160100.9688,746803,277218,479475.8125,927147.625,608579.875
660.4639811,17.18829431,PE(14:0/16:1)_C;PE(15:0/15:1)_C,1432505.125,879301.125,1357102.375,793440.625,1325881.125,356868.6875,804543.375,678926.5,730644.25,1136293.5,1623803,1110184.375,2184438.5,1400553.125,1768173.5,1307366.125,1137468.25,1319444.125,2194580.75,710270.6875,1523706.375,3339880.25,2859149,2192020.25,5518976,5873713,3065055.25,2303545.5,4534550,4689531.5,777664.8125,3816588,2681074.5,3061585,1141182.125,3701408.75,2312745.5,2385584,3298932.25,2214826.5,3444907.25,1597064.125,1100230.5,1866364.75,1979396.875,1507227.5,1860656.625,2388430.5,2098312.5,895995.375,427823.5313,2620368.5,931044.0625,2070689.5,591210.5625,2877406.25,1172092.125,1697703.5,3260385.25,3225770.25
438.2645306,6.681792486,PE(15:0/0:0),51886.03516,20710.53906,108211.4063,28137.44336,271219.3125,0,30062.27539,24018.98047,55608.62109,57313.72656,99953.11719,97890.32031,226105.4375,95503.03906,117358.5156,72540.64063,56069.52344,118233.5547,83560.57031,18034.50781,64533.41797,519993.5,470485.5,427434.8125,152515.9063,198112.2656,100559.6094,344261.9688,144525.7656,278648.25,112433.7813,66811.97656,146150.3594,77040.61719,65449.10938,612191.5625,43812.65234,101952.4766,155912.4375,62313.46875,146598.1719,125921.2344,56702.77344,115414.4375,50310.4375,23010.57617,30014.33203,83670.34375,425678.4063,42067.33594,24516.24023,275872.9688,21802.22852,193177.7188,15239.70801,188616.9063,31567.58203,53602.16406,200342.4688,181631.1406
662.4792435,18.09054025,PE(15:0/15:0)_A,1213747.25,1172212.125,1951636.5,897834.5,835258.0625,726098.6875,717692.625,899947.875,1073442.875,1830313.375,2024077.125,1716260.125,2121863.75,1327337.375,2089398.375,1253621.5,736820.3125,2195985,1466931.75,616742.625,1747742.875,3984232.25,1993222.875,1590023.5,3504190.5,6131278.5,4057117,1722514,4147048.5,2151199,1087156.875,2241798,2675888.75,2289712.25,2263170.25,3676950.25,1696379.25,1557095.875,3588246.5,2255267,4906059,2723053.25,1629769.5,2140605.25,2256923.5,1261117.875,1869148.375,3095203,2971819.5,1280840.75,821704.25,2664927.25,1448956.125,3210697.25,780267.0625,3848727,1924839.5,2920121,4184813,3681479
662.4780436,18.26023742,PE(15:0/15:0)_B,1882441,2038773.125,1793520.5,1839930.75,1109920.75,1453969.375,1893995.875,1718297,1435936.25,1870034.125,1866789.625,1869724.25,1790801.625,1387905.5,1751513.625,1359478.5,914924.4375,1871262.375,1903814,1339268.5,1671376.5,6060687.5,2145171.5,1757552.5,3847504,4250505.5,3595124,2788268.5,3805588.25,3154164,3325297.25,2225251.25,5231793.5,3753545,4803338.5,2811068.25,2724208,2749252.25,5695053.5,3246729,6548801.5,6690784.5,2137459.25,2544599.5,2808022.75,1386052.75,2146819.25,3309319.75,2532346.25,1696138.375,1242464.875,2492649.5,1703089.375,2533128,1003908.438,3181002.25,1794584.375,2923012.5,3617708.25,3123683
676.4952296,19.23531814,PE(15:0/16:0)_A,395857.3125,406897.5625,617749.5,278459.0625,228994.4844,129472.0938,195656.7813,266864.0938,387140.25,637367.75,646671.1875,491899.7813,498995.875,373673.8438,540564.6875,485239.0313,208306.9375,677843.375,571334.75,166590.5,690500.1875,804009.625,443649.875,323007.375,720187.4375,1220087.125,846636.5625,710461.125,691662.1875,669633.5625,218128.75,484174.0313,612708.875,611381.75,568035.3125,744176.9375,571575.5,549947.1875,841513.25,507833.9688,893563.6875,652543.125,1424318.875,951935.3125,1291275.125,718249.5,1378162.75,1504888.125,954920.3125,755806.875,528046.875,942387,975871,1082834.125,497940.625,1330721.125,607833.1875,1042301.688,1544262.25,1221159.5
676.495005,19.58097497,PE(15:0/16:0)_B,644422.375,471328.9375,768671.0625,329644.4688,477031.4375,137943.0625,268967.5625,375509.6875,376141.1563,655965.1875,798739.9375,531015.125,1130942,621721.5625,886173.9375,662981.4375,474371.5313,863547.1875,900420.875,249467.4688,866280.4375,1798823.75,955136,888119.3125,1622379.375,1905121.25,1915137.125,1581953.75,1293240.875,1988163.5,492908.5938,1445396.875,1385898.125,1271163,1075871.125,1396291.5,1306783.625,1536528.875,1524546.75,1242914.875,2211536.25,1468806.375,1088043.375,975099.9375,1278058.375,875353.6875,1123282.125,1309520.875,888906.4375,762857.375,521973.0938,1085465.25,839428.25,1157967.375,597700.6875,1773331.125,622811,1077246.875,1558617.25,1185871.375
674.479481,17.78324225,PE(15:0/16:1)_A,1734947,1693866.125,1783113.125,1254321.625,1295443.875,508228.8438,1125189.75,1096695.875,1124635.625,1783169.125,1910738.125,1479283.5,1996413.75,1667442.75,2012886.25,1460755.25,995066.875,1878630.375,2979193,838145.5625,1977549.75,5272196,4204097.5,2508638.25,4919741.5,8432491,6717030.5,7026425,5349150.5,9534136,1480727.75,4825862,5313523.5,3839207,4998823.5,5244662,5618886,8454958,5863654,4292597.5,8615689,4987875,2051985.25,3298049.75,3400903.25,2304254.5,3004258.5,3463657.5,2745294.5,1723476.375,1004261.438,3018033,1569582.5,2502930.25,1061381.5,3897180,1590530.75,2334650.75,4568628.5,4774356
674.4793147,18.20396889,PE(15:0/16:1)_B,1571070.5,1404327.5,1815592.875,830651.3125,1298303.75,453453.6563,757072.5,901949.875,1332015.25,1960138.125,1985502.375,1549903.875,2037110.75,1568589.375,2100658.5,1330384.875,975720.625,1892880.125,1756615.125,585585.6875,1707691.875,3211532.25,2151366.25,1428887.75,3438931.25,3948836.25,2979762,1941466.875,3277257.75,2560342,696956.9375,2281520.5,2128079.75,2175339.25,1817785.5,2181283.5,1679925.125,1778112,2852203.25,2377641.5,4521606,2430525,908675.375,1429837.375,1513125,882509.5,1513476.875,1931438.875,2221411,832104.3125,604551.8125,2282740.5,1010052.125,1966528.25,548248.5,2818246.75,1119499.125,1775053.25,2883250,2077115.875
690.5107854,20.052809,PE(15:0/17:0),549047.25,1047200.75,1746497.625,591526.5625,367588.9375,171864.375,225946.8125,544018.375,827301.125,1151806.375,1515224.5,895842.6875,686925.875,598020.5,856508.125,972927.125,278337.3125,2038773.375,873105,247275.6094,1382826.375,1819283,1386387.625,859909.1875,1644963.375,3178860.75,2219271.5,2097884.75,1397591.625,3238395,530210.1875,1357397.625,2160412.5,1264277.5,1716410.375,1940134.25,1649583.5,2327023.25,1872108.75,950314.6875,2245053,1751014.875,3141297.75,1898054,2818023.75,1573595.875,3438953.25,2811148.5,2639658,1698277.25,1454699.875,2370823.75,2684978,2282166,855618.75,2751228,1528981,1757103.375,3290766.5,2246231
672.463865,16.64947136,PE(15:1/16:1),302699.625,150074.875,202588.375,135487.4688,371260.2188,56519.07813,173002.4375,131804.2031,131242.1094,156171.4063,347059.5938,190723.7188,372957.3125,341882.5938,413223.5313,229089.5625,279259.2188,230564.5,431449.1875,145482.4063,295081.8125,553363.375,492572.125,349986.9063,1015698.25,968428.0625,504606.5625,470370.875,855915.4375,872221.9375,113711.1328,732852.5,391899.9688,535224.1875,134160.3906,587538.1875,358164.375,921126.75,388053.5938,266685.3125,454224.5938,225547.9531,169899.6875,591168.25,441741.875,379889.5,512912.625,914289.25,355004,146662.4531,70194.70313,800982.8125,184966.2188,287700.8438,159159.5313,432512.9688,249592.8438,326285.5625,1011556,1017657.938
686.4794576,16.85488911,PE(15:1/17:1),182580.6094,263630.25,168268.2031,172395.2813,114307.3828,78300.15625,146735.0625,195670,264005.9063,402000.625,194667.9844,326219.25,217872.8281,133472.3125,258202.75,184009.1094,77144.125,184129.5625,331920,124739.3047,192705.4219,2173153.75,494064.375,693894.6875,1568578.25,1507364.375,943918.9375,423619,1764154,1822047.625,518984.9375,844644.5625,1616971.5,1234833.25,2577551,906474.5625,702460,337130.8438,2065978.625,1659353.25,4140661.75,2575210.5,178858.3906,461824.625,351404.75,173081.0313,179030.5,431373.7188,298752.5,139076.875,67942.49219,307759.3438,140841.9375,347348.5938,108824.9531,726294.0625,145425.5,402757.3125,794422.5,483981.375
452.2812494,7.860186194,PE(16:0/0:0),82116.77344,29641.69727,80284.96875,33957.85938,165390.8438,70421.75,63387.94531,40512.54297,41474.07031,44883.65625,101477.7578,56646.22266,210504.8281,85989.53906,95457.96094,94427.125,58690.04297,78675.53125,119219.8359,86860.26563,54549.48438,366524.7813,614311.9375,347664.4375,184042.0938,437104.7188,240296.25,596749.3125,307513.6875,345931.625,79823.16406,240006.2813,205052.5625,131974.0625,62148.47266,570497.1875,67799.25781,353749.0625,145303.7031,51819.53906,134477.0313,86747.64063,119804.6953,226743.5938,237232.1406,68165.47656,222845.4531,121226.6016,118404.5781,111309.2578,46206.79297,75780.07031,65672.74219,102870.5234,60395.87891,211858.5469,31680.83008,40088.15234,147058.8906,159322.3281
688.4952998,18.50347278,PE(16:0/16:1)_A;PE(15:0/17:1)_A,845531.625,1263672.75,984531.875,709723.625,683938.8125,382823.5,454060.4063,728363.125,813174.9375,1244611.125,999291.5,829978.3125,853453.3125,696734.6875,929772.3125,739405.9375,384949.4688,1118313.75,1181464.75,492849.6875,1082412.625,3602209.5,1462001.625,990983.6875,2427545.25,2903929.75,2714173.5,2021206,2608631.5,3219699.5,1259771.625,1619637.5,3513012,2750792,4403372,1743112.75,1993865,2644230.25,4338393.5,2567251.5,4933956.5,3519038.25,1237275.625,1607355.5,1729607.375,1012134,1834493.75,1815930.125,1498956.125,994287.5625,659943.375,1616909.375,1105515.25,1418221.5,524431.875,2250464.25,1054318.5,1514321.25,2217824.25,2371807.5
688.4950719,18.8483265,PE(16:0/16:1)_B;PE(15:0/17:1)_B,764976.875,809456.5625,893570.125,464546.9063,601319.1875,236473.1875,397689.8438,516096.1875,473287.9063,905010.125,925973.625,693126.4375,917722.1875,696460.875,907010,695833.4375,417395.25,1043022.375,1042555.063,334248,896124.9375,1414742.125,845275.375,602662.3125,1333009.875,1542874,1206384.75,825971.625,1238716.75,1057272.625,391384.5938,920277.0625,1081250.25,998544.375,936893.5,907217.5,748261.375,800659,1108921.25,902512.0625,1659537.125,1185604.75,1023784.063,1329723.5,1424029.5,923129.375,1531155.125,1380035.875,1322893.125,840003.6875,544443,1325008.375,992409.5625,1255717.625,550165,1597572.5,792332.375,1184677,2050250.625,1204040.375
688.4951898,19.213704,PE(16:0/16:1)_C,1.13E+07,1.11E+07,7770357,6314882,1.19E+07,3677076,6616637.5,6888614.5,7509080,1.31E+07,1.08E+07,6933254,1.41E+07,1.05E+07,1.37E+07,7689717,6238324.5,1.03E+07,1.24E+07,4969852,1.13E+07,1.94E+07,7210601,1.15E+07,1.56E+07,1.53E+07,1.58E+07,7821712.5,1.75E+07,1.02E+07,5239140,1.32E+07,1.41E+07,9740489,8557208,9326979,1.31E+07,8670981,1.76E+07,1.40E+07,2.21E+07,1.30E+07,1.23E+07,1.25E+07,2.84E+07,1.37E+07,1.64E+07,1.36E+07,1.55E+07,9351457,7284435,1.31E+07,1.47E+07,1.55E+07,6379080.5,1.56E+07,8980194,1.19E+07,1.68E+07,1.58E+07
704.5269842,20.64273169,PE(16:0/17:0)_A,320783.0625,327236.5,1019894.313,286074.625,308694,91195.95313,99966.28125,217700.1094,439860.0938,482206.0625,746783.875,559521.625,380415.5938,385415.1875,494200.8125,554688.75,165581.9688,1008133.438,789432,110595.9219,870074.4375,207329.3438,98184.60938,85664.47656,166696.4063,200651.4531,96819.53906,101027.9063,120199.1953,84204.42969,83908.88281,84267.75781,208903.5781,168104.875,206705.0938,149470.7813,136592,91131.67188,253020.4844,124125.2188,330114.6563,212767.1875,2687836.25,2758349.25,3322705.75,1849152.25,3271166,3292628.5,1589717,1902196.125,1164326.125,1773872.75,2376241.75,1653967.125,920061.5625,1961962.125,1094950.875,1420328.5,2637430.75,1028747.313
704.5263605,21.28851008,PE(16:0/17:0)_B,563484.625,496215.8438,1036923.25,326491.625,702115,87947.53906,168683.6094,508516.5313,456088.1875,652986.125,980607,367576.8125,839822.5,507033.0313,775248.9375,698659.0625,384616.7813,1285006.625,1035238.125,190096.7969,1039592.75,1105885.125,748676.8125,646392.1875,783775.25,990737.5625,776337.4375,595306.8125,930536.375,764513.75,215639.3281,624466.3125,659857.375,518024.375,414130.5,603153.75,437552.375,495139.4375,783929.625,609326.5625,1095226.5,658756.1875,2267861.5,1717398.75,3171310.25,1434305,4041646.5,1799666.75,1139436.5,1386987.75,1042008,1252708.125,2104149.75,1108529.5,1020633.375,1868292.625,889704.6875,1235962.625,1773292.625,1188548.125
702.51095,20.45446358,PE(16:0/17:1),4037400.25,4833011.5,7151787,3646746.25,4210046.5,961247.25,2447389.5,3573649,3994414,5985664.5,5897239.5,4151299.25,6714794.5,3807006.5,5741141,5378634,2686322,7720373,7577491,2204331.5,6031622,9624578,5400287.5,5544675,1.19E+07,1.07E+07,1.04E+07,7084931,1.06E+07,1.11E+07,3613120.75,6674698,7564031,5656248,7102097,9053884,8815989,1.23E+07,9154144,9744975,1.76E+07,8296769.5,1.12E+07,1.33E+07,1.78E+07,1.11E+07,1.79E+07,1.40E+07,9286734,1.03E+07,7600438,1.01E+07,1.16E+07,8511762,6721184.5,1.28E+07,6698457,8237182.5,1.53E+07,1.22E+07
716.5261617,20.97289964,PE(16:0/18:1);PE(17:0/17:1),2409767.5,1899134,2703112.75,2683091.5,2125699.75,517892.8438,801771,1792993.875,2148332.5,2429529.75,3000867,2398527.75,2794727.25,1510109.5,3609746.75,1970786.875,1286567.75,2777224,2815660.75,978082.0625,2954965.5,2487938.75,3300256,1953980.125,3027265.25,3916463.25,3457200.75,7178326,2954787.5,6443212,788593,3406665.75,2040516.5,2020133.875,1540339.875,3389984.75,2307568.75,5067831,2465145,2329152.5,3599541.5,1615705.5,2409894.5,4114730.5,3230044,2490246.5,3537019.75,2925967.75,2210496,2227930.25,1189661.5,2497344.5,2760118,2396551.75,1603625.375,2902352.25,1580546.375,2304380.25,3407838.75,3802185.5
712.4953933,18.30851411,PE(16:0/18:3),188639.3438,249125.25,103260.8125,132208.7656,247775.375,785112.8125,196572.8281,173551.5625,54816.52344,142760.7344,196291.5781,87374.25781,210950.9688,168602.7656,107411.125,119624.8594,115064.125,112288.4063,161114.1875,371885.0625,108726.3203,333852.5,648421.1875,213222.3594,292505.7188,378858.375,767847.4375,873524.625,542144.0625,670478.4375,160723.0156,246855.9063,352833.4375,264067.6875,230551.125,267103.875,288778.6563,765503.3125,154594.625,163263.2813,371433.8125,144819.1094,85602.90625,292345.6875,243178.4063,102907.8984,188815.4063,162258.2813,110057.0625,75747.41406,29619.96875,104007.9844,58877.69922,139767.3125,92724.25781,147799.6875,101705.7813,112556.8047,270509.9375,183830.9844
732.557519,22.67686456,PE(16:0/19:0),145353.5625,42582.76953,149295.7813,51433.91016,144352.2969,18481.32422,74816.64844,129000.4688,41901.15234,60518.71875,127614.6484,46719.19141,449049.5,159639.625,148732.2031,266720.4375,235829.6719,153300.3438,425187.7188,46246.58984,187958.3594,158402.0781,833272,352364.625,259146.7813,391054.2813,294290.5313,1249068.75,287821.1563,1615616,32304.77539,352458.125,131805.9375,169387.9844,65262.97656,211028.375,534573.6875,665187.875,157164.0313,87862.61719,113911.4609,85442.03125,1719817.5,2038915.25,1471149.75,1159761.875,807002.0625,1539734.375,530122.8125,1180312.875,245689.9531,722940.375,489356.1563,618970.9375,589764.3125,1755269.125,424805.6875,698685.375,1598749.5,1616893.75
450.2648655,6.527564194,PE(16:1/0:0),241041.8594,58619.69531,363728.75,78450.41406,635080.875,28381.01953,122398.5703,90793.05469,205735.6719,146968.25,271364.0938,214972.8281,611449.375,285078.4063,348435.1875,249668.4844,259514.7031,397760.875,247662.6563,59326.89063,180739.6094,1169443.25,881338.0625,916665.125,317014.8125,417945.375,208623.8906,425663.5313,314798.5,383704.0313,191535.6875,183703.0781,298308.2813,145518.0781,90486.98438,1003737.688,110034.9297,185646.75,294044.8438,147433.7031,336390.9375,187593.6719,365567.1875,380125.0313,741063.9375,218163.4375,584969.375,342831.5313,723400.8125,199180.0938,106894.8203,968372.9375,206345.6875,487455.875,41465.54688,660872.0625,91724.35156,126804.7109,566889.6875,537898.3125
686.4796286,17.32508644,PE(16:1/16:1)_A,6978676,6036540,5969671.5,4635487,7528018,3038526.25,3787552.75,4782116.5,4052413.25,5891698,6629996,4106489.75,8189776,6082374,8695930,4618057,4863849,6205922.5,8655824,3426879.25,6461256,1.08E+07,5943140.5,5804427.5,9979376,1.18E+07,1.07E+07,4936184.5,1.14E+07,7311956,2581230.25,8728564,8475715,5913602,5365403,6376860,6855913.5,7727076,1.05E+07,1.10E+07,1.50E+07,7688217,9293774,1.02E+07,1.89E+07,8962416,1.36E+07,9592286,1.02E+07,6565391,4195484,9831601,7974636,8709357,3278448.25,8891983,4494152,7947903,1.05E+07,9193819
686.4795043,17.71865539,PE(16:1/16:1)_B,2606773.25,2426911.5,308112.4063,1959163,796093.4375,1028601.625,688352.6875,915093.5625,708531.75,909394.6875,735362.8125,928487.5625,1744403.875,441391.4063,1172180,372547.6875,346308.125,359920.1563,1914950.25,1033854.375,605049.375,1010691.313,641996,819980.9375,2315250.25,1000980.438,1022984.438,888090.0625,1414452.125,1200116.75,517555.5938,1177377.375,965154.75,655657.5625,963725.25,724946.75,1691621.25,1811176,3050146.5,3250164.75,1496979.75,1052200,267970.6875,476147.2188,520369.2188,352391.9375,431978.7813,550619.5,466600.9688,219721.9844,151376.2656,541158.25,266856.6875,386021.2188,159300.3906,589607.125,235913.6875,347564.3438,678846.3125,612294
700.4949468,18.06124275,PE(16:1/17:1)_A,1131921.875,1254460,1108226.875,876230.5625,1397543.875,705698.875,856884.0625,1068847.5,827139.25,1347347.25,1292785.625,954899.8125,1327009.625,1087720.875,1202791.625,793706.375,806409.625,1173394,1729695.875,775731.875,1219961.25,2216413.75,1036087.188,1070914.875,2520273,2442202.25,1777939.375,1045415.563,2427523,1466102.625,635121.5,1562113.75,1757559.375,1453150.25,1528833.375,1407176.125,1313363,1167695,1964627.25,2017590.375,3104188.5,1784248.375,1150809.875,2061313.875,2439806.5,1135862.5,1815606,2115691.5,1443118.25,1039387.75,611592.375,1513222.5,1093416.25,1373997.375,734173,1968791.25,868183,1495640.5,2619175,1796956.125
700.4950331,18.68770722,PE(16:1/17:1)_B,3145757,2827954,2501478.5,2773623.75,3295291.5,1283478,2084567.75,3025277,2068183.625,4037341.75,2992908.25,2559721.25,4109438.75,2407755,3262863.75,2301558.5,1573025.375,3054742,4341627.5,1887365.5,3116423.25,4718844,2832536,2507557.5,4926473.5,4595769,3396812.5,2534349.75,4926627,3944367.25,1481852.25,3594381.75,3375957.25,2722038.75,2306277.75,2700872.5,2870781.5,3470073.25,4385803,3339562.5,5725846.5,2666683.25,3009967.25,5071777.5,6020704.5,3514026.25,5849980.5,4362987,4118928,3136329.25,2057405.5,3837930.5,3126446,3993325.25,2238459.5,4213348.5,2607696.25,3352017.5,6050839.5,4299551
714.5104741,19.30947283,PE(16:1/18:1),7233375,4852064.5,4797730.5,2914619.25,9735906,1542365.875,3264724.25,3626109.25,3578543.75,5496462.5,5425664.5,3437170.5,8984047,5206579.5,7043465,4753717,4580909.5,5477515,9078625,2952329.75,5706512.5,1.23E+07,7815659.5,8303642,1.38E+07,1.18E+07,1.30E+07,8708842,1.56E+07,1.21E+07,4086645,1.17E+07,9789337,1.01E+07,7311268.5,8912928,1.07E+07,1.26E+07,1.21E+07,9867461,1.58E+07,8612246,5975164,1.22E+07,1.12E+07,6777269.5,1.12E+07,9732649,7179900,5938286.5,3292443.75,7707483.5,5126370.5,7640189.5,5410178.5,8643124,5014101.5,6106723,1.13E+07,1.16E+07
718.5418626,21.63063094,PE(17:0/17:0),347641.5938,566230.3125,944868.5,489621.7188,352311.9688,102732.5547,114214.8984,370914.7188,467683.5,795314.5625,922986.125,405894.4063,468470.4375,290276.0625,494141.3438,611172.625,245355.5156,1145549,661276.3125,183911.0156,1243015,644814.4375,320219,277336.3438,349198.3125,611420.9375,602833.125,412914.5938,436748.25,834247.9375,156321.875,313869.5938,374939.9063,300903.0625,223557.75,469278.5313,254040.4844,261873.4219,478681.8438,369561.1875,763605.1875,454206.9063,3034972.25,1618366.875,3816723.25,1484575.125,5680960.5,2107864.5,1244729.75,1841478.125,1214648.125,874663.8125,3934593.75,1623507.625,1114907.5,987260,917393.125,1113151.625,1726399.5,842518.75
746.5732695,22.91335856,PE(17:0/19:0),91877.67969,45911.19531,91444.17188,48457.60156,72175.25781,17029.87109,53945.65234,73454.53125,23774.13086,47720.20313,77331.15625,30084.51563,158082.5,93709.88281,93672.36719,106553.0156,130405.9609,92894.73438,221565.2344,28818.69531,150030.0625,62686.98047,274516.75,63046.25,84929.95313,80882.67969,61863.4375,227910.6094,65543.02344,367472.0625,23741.97656,134689.4844,60061.78906,70353.28125,30679.44922,76285.74219,117517.6328,140626.75,73552.35156,42151.8125,54231.57422,30969.2168,660773.875,1009431.5,749275.375,345622.7188,331389.0625,479849.3125,335303.0313,470170.0625,75123.60156,337090.0313,234683.5781,311758.0313,268017.625,515050.5,146833.6563,349969.1875,384245.375,740531
728.5263996,20.53823408,PE(17:1/18:1),1017876.688,884129.8125,1651555.875,873575.125,1021158.563,249548.2813,636983.625,909206.9375,978498.25,1272996.25,1196350.875,1192609.625,1754618.625,1059927.25,1518076.625,1164534.375,740853.625,1385472.25,1767311.625,628767.5625,1552129.625,4281350.5,3589160.5,2837989,5269998.5,4241383.5,4489838.5,5163341.5,3905602,4388223.5,1632750.625,3150387.5,3085223.5,2662602.75,4431931,2845153.75,5020100,6494026,5406932.5,5528349,1.02E+07,3590743.5,2339105.75,7459083.5,4595854.5,3473112.75,3373044,3147195.75,1659582.625,3006235,1202750.5,3348434.25,2209360,2366927,1689204.5,2948917.75,1726524.375,2048486.375,3839281.5,3731918
742.5419872,21.65489036,PE(17:1/19:1),368463,227889.1563,434571.25,163276.9531,461230.9688,42929.00391,149776.8594,203439.6875,349991.7188,485603.9375,527563.25,350737.9063,439124.4063,511467.5313,521497.9688,325562.6875,320664.8438,227877.7344,619682.125,132745.4375,621293.5,1007744.563,494338.5625,311575.9688,1017974.063,913009.125,1128639.125,1923754.25,628831.1875,2466761.25,549158.875,533458.25,1119379.75,969409.1875,1731137.625,779709.5625,881487.5625,1449630.125,1416264.875,1091350,1137528.125,1382691.125,438680.25,1366841.375,1028089.5,392056.625,512271.9063,511917.9063,371900.375,295103.8125,113878.4297,199566.8438,174336.2344,701349.75,234938.6875,437303.4375,242498,393357.7188,578767.1875,1038045.813
744.5576081,22.45409097,PE(18:0/18:1),196983.375,90672.72656,190270.8281,57628.84375,315167.2813,36241.03906,77445.03125,97610.90625,116633.3672,146519.2656,257351.4375,141773.2656,385152.125,279710.625,310021.875,207215.4219,268278.3438,219160.6875,396502.4375,54877.75781,342798.8438,449001.875,425113.5,285171.5,391187.1563,603172.1875,554261.1875,895494.5,461423.9375,919790.6875,77567.74219,429199.6563,275894,313417,215082.6563,411418.875,329170.25,855441.4375,286717.4063,295207.2813,393368.9375,247987.1406,358675.0938,487130.4063,615356.6875,376939,442597.1563,452620.1875,262252.8125,291617.0625,97761.03125,265575.7188,260035.3281,424998.9375,228604.9531,307146.7188,168334.375,339584.6563,461045.125,413732.3438
742.542069,21.53575358,PE(18:0/18:2),368463,191222.2188,434571.25,170410.3438,595157.75,171270.875,178167.5781,250960.0781,290914.8125,485603.9375,623511.375,278042.3438,654691.0625,554735.75,609677.25,443730.4375,309990.375,444852.2188,821319.3125,134177.6406,621293.5,821731.0625,1847425.625,707678.0625,792787.1875,2405836.25,1532610.125,3451893.75,1552533,3925555.25,156946.9063,1771106.875,774192.3125,1275965.25,296774.625,1829330.5,1380118.125,5252493.5,497333.1875,670679.4375,770967.9375,889526.375,433760.75,1004530.188,1073720.5,750083.75,666545.625,800780.375,743289.0625,416801.7813,116344.1094,685639.875,481662.0938,1050373.25,396459.5,901295.6875,347910.8125,853014,1512941.875,1039444.5
478.2960645,8.051578778,PE(18:1/0:0),84354.00781,18107.05469,103519.6563,23444.09375,355833.3438,8472.390625,66570.22656,33639.1875,57598.31641,48561.96484,106969.0078,82860.66406,230542.1406,101037.0313,77967.49219,108474.0781,126643.8047,119352.3359,151555.75,74870.125,84053.35938,421733.5938,913222.5625,1440324.625,314529.3125,553969.3125,279571.25,806926.375,338407.8125,501284.5625,88194.70313,499185.0625,285982.9063,827518.0625,74948.30469,931799.1875,101372.5781,628914.5,185866.625,127744.5938,162085.1406,144115.3594,153039.2188,264599,216962.1094,91006.125,235004.0625,117785.9219,142605.1875,118289.8984,37486.96094,177536.0469,68457.07813,151844.0156,114068.6719,273101.8438,49385.15234,54596.34375,245379.9844,219056.8906
742.5414129,21.06642806,PE(18:1/18:1)_A,6003082,3093061,5914359.5,2432764.75,7284534.5,617903.1875,2893308.25,3614796.25,3793520.25,3957329.5,7251360,3478767.25,8419477,6346748.5,6947396.5,5845643,5839854.5,5926506,1.13E+07,2146496.5,8063549.5,1.29E+07,9982340,8802249,1.46E+07,1.62E+07,1.50E+07,1.31E+07,1.51E+07,1.55E+07,4427115.5,1.35E+07,1.00E+07,1.19E+07,9557415,1.01E+07,1.08E+07,1.34E+07,1.27E+07,1.27E+07,1.79E+07,9567915,6612889,1.83E+07,1.41E+07,1.21E+07,1.19E+07,1.06E+07,9158319,8005359,2708018.5,1.10E+07,6091807,1.11E+07,7099935,1.11E+07,5893970.5,9181067,1.53E+07,1.49E+07
742.5419291,21.20002875,PE(18:1/18:1)_B,1208090.75,330548.0313,865157.625,584715.75,1170241.125,152141.9219,498772.2813,465522.1563,1067343.25,943039.5625,941387.5,929808.9375,1438187.375,1212790.375,2552030.25,761176.8125,2681280.5,838442.75,3758024,584629.25,3225795,1371174.25,4753608.5,1647835.25,2809775.25,7405169,6318384.5,6418097.5,2575505.25,8009139.5,659549.75,2873549,3487900.75,3030615.25,1870489.375,5851647.5,2510081.75,6042432,1819443.75,1394005.875,2930566.75,1632573.375,1225664,2267060,2409223.75,1220377.125,1295161.625,1400373.375,1080307.625,817230.25,303833.0938,1019022.063,741677.5625,1040742.688,1051868,1745198.125,672503.125,1419881.875,2175040.25,2777433.5
740.5264638,19.83290058,PE(18:1/18:2)_A,371302.5625,182419.9375,486792.5625,273329.7813,395353.4688,56827.38281,374048.875,326612.75,226974.7344,335982.5,591306.9375,203813.9844,1789603.625,587629.875,460278.4063,909957.125,640170.6875,434627.7188,749792,230729.4531,460440.9375,959361.5625,9362155,2225199.25,4775058,1.30E+07,7550782,1.08E+07,3079201.75,1.41E+07,501824.125,4852834.5,4264838,3390823.25,1145485.625,9381635,4160274,9976265,1704192.125,1612229.375,3592953.25,1989686.375,1392526.5,4405833.5,3007510.5,1733661,1449038.25,1634916.75,967953,952125.5625,220624.7344,954424.375,529977.3125,751980.9375,1812280,2925003,1075378.375,2680416.5,4445483,6345816
740.5263774,20.02115078,PE(18:1/18:2)_B,823021.625,283041.4688,513194.9688,208120.0469,1254732.5,67315.72656,470001.8438,356261.4063,419098.8125,389301.7813,801741.8125,402786.9688,992520.1875,1084445.625,1288296.375,506882.875,696977.6875,553125.625,1382518.75,223409.9219,733841,2106510.75,1693561.5,1658410,2587803.25,3477944.25,3125675.5,2292681.25,3311383.5,2899541.25,353661.25,2502188,1626960.375,1893628.625,846097.3125,2047117.625,2292333.5,2279840.25,1430858.375,1690607.75,2565788.5,1011715.438,426391.9375,1406183,1095887.875,898837.625,632733.25,812810.5625,824070.0625,399050.9375,108174.8125,566484.5,275433.3438,1094645,508715.3438,763610.75,258302.3125,677699.3125,1369880.375,1985435.375
756.5576326,21.68854703,PE(18:1/19:1)_A,403429.4688,267488.75,548507.625,182848.9375,423553.9375,66228.91406,222037.8594,273495.8125,688610.125,545514.375,592325.25,415377.8438,808484.375,462105.1875,686480.375,686667.625,326982.7813,522326.0313,555228.8125,142086.9688,687417.75,656920.4375,961988.6875,500991,1245829,1369094.375,1634009,1949767.625,970450.125,3881972,207807.9375,1028699.313,635711,1080363.125,423625.1875,1087012.625,854257.5625,1824265.125,784182,844180,668348.5625,833906.0625,693860.3125,1330569.75,1392437.75,822703.6875,798644.5625,813181.1875,386193.6875,531565.9375,190366.2344,514635.75,347038.9688,775237.125,429912.9688,562992.125,428574.9375,535027.8125,1082478.75,1017173.625
756.5576468,22.09276428,PE(18:1/19:1)_B,568992.6875,392573.875,957410.875,395312.375,417067.3125,53231.74219,174916.0156,374751.6875,704474.625,638649.375,895025.25,800866.8125,599330.5,434618.125,666233.9375,663323.875,317854.9063,1073979.125,1108233.375,307898.0938,978372,888548.6875,723756.0625,353178.5938,657589.125,1053896,698896.875,1070470,622390.5625,1726275.5,252291.7656,532685.3125,927750.625,617882.625,870058.9375,799249.5,821170.75,1777050.25,901450.4375,597530.6875,1090019.375,797608.375,1432291.75,1593282.375,2330569.75,932577,1802426.875,1446779.625,1428244.5,1010572.313,512311.0313,1325275,1324403.375,1348640,633421.875,1278171,882663.5625,1521672.25,1947064.25,1408300.5
738.5106686,18.3059705,PE(18:2/18:2),674178.5625,331881.8438,472053.8438,325891.0313,1273651.375,307221.6563,523515.9063,338551.9063,217513.3125,297300.7813,1069304.125,255207.0313,1111504.25,775173.6875,430295.8125,958617.1875,767547.25,500779.4063,815578.9375,1096017,624650.5,953961.3125,5854293,1983924.875,2956630.75,6354042.5,3928840.25,6781371.5,4300903.5,8352619,574544.3125,3605153.5,3395179.75,3242240.75,820369.6875,4187910.25,3249206.75,1.04E+07,1173080.5,1717880.875,2724377.25,1083777,843091.0625,2694778.75,2111847.75,1437079.5,1479762.375,1464968.625,1013168.25,869016,183112.0938,572763.25,746626.0625,791836.75,980738.25,1564075.875,738570.6875,1477202,3227854.25,2786949.5
736.4952404,16.85786794,PE(18:2/18:3),132976,186380.3125,66838.57031,86105.60156,280643.1875,402981.1875,169876.75,97818.59375,21430.32813,86742.04688,121755.2266,68842.55469,249835.9063,138696.2969,68396.03906,108546.3672,113487.1016,69787.15625,169381.3281,380993.5,106151.8203,239453.0938,442164,195121.5469,225037.2969,417963.8125,527994.5625,844691.0625,438928.8438,1374506.625,93977.16406,255966.3906,264694,173432.2188,161577.5156,328755.75,227260.5313,1017425.75,79503.74219,104183.1016,243959.7188,96447.1875,67385.32813,415910.1875,276750.1875,122903.8594,164994.5156,95408.96875,92679.78125,87009.19531,12051.52441,62876.10938,26095.82617,120287.5156,94086.27344,99306.97656,65306.35156,95846.30469,290273.9375,239808.7969
774.6047118,23.89630732,PE(19:0/19:0),86685.21094,30177.31445,199483.6875,44862.69141,76340.375,0,41711.48438,186292.2656,19555.92773,42198.15625,102436.375,18618.00977,240734.0313,95667.22656,106957.4609,144774.625,161192.2188,178738.125,310393.4375,33963.46875,184602.0313,19037.42383,379702.7813,44123.73047,56665.69141,86122.625,54517.00391,431527,43656.6875,371923.375,15770.8418,91831.61719,20256.75586,74368.52344,14340.7793,72191.19531,135300.9219,157506.125,57616.30078,20923.39648,45479.11719,20440.59961,1599390,2923871.25,1431021,528561,499851.25,1031870.813,608292.8125,1020440.813,139187.6719,714836.4375,460471.5938,640284.4375,756433.75,1195709.625,271537.3438,719844.5,1096356.625,1486057.25
648.4997106,19.63886267,PE(O-15:0/15:0),560169.3125,439067.875,747002.0625,256641.5313,682501.5625,142831.7813,565761,386671.8125,539074.125,603970.5625,1012635.063,1032708.375,1410976.5,951787,1031783.125,898620,557147.0625,758247.125,1129342.75,245732.1094,1090620,1406836.875,603340.0625,968854.8125,1530690.625,1431089.25,796153,616798.8125,1429016.625,1004148.125,350570.125,841404.3125,1005481.875,729254.0625,497658.0625,998761.125,815042.75,560442.8125,1027150.688,837397.875,1247235.25,837393.75,841176.875,823951.625,887110.6875,923761.25,745766.4375,1675981.125,1020957.125,598942.8125,258353.3594,1093974.875,524817.125,1072931.5,455413.9688,1755333,572466.125,1285589.75,1883619.375,1175849.875
660.5001628,18.33959736,PE(O-16:0/15:1),393854.3438,246207.8906,860647.25,218202.3281,278856.625,131015.8203,178894.9844,183306.9063,561731.8125,446959.8438,815641.25,844320.9375,591225.3125,431205.25,624875.875,577464.9375,273012.875,961112.5625,387383.5,135305.9531,602403.6875,483481.5,387318.4375,355913.125,465524.8438,1053247.625,397880,102153.8828,747208.3125,296089.0313,77813.53125,254275.6094,205760.8438,196518.7969,116454.625,537371.875,175555.2969,137525.6406,372256.5313,615750.6875,424462.4688,223380.25,415953.7813,524905.0625,774664.5,226416.4688,411511.3438,720264.9375,1532080.125,269221.8438,317892.1563,1043974.75,486595.5625,1257061,211734.7031,1605604.375,731976.75,1140048.25,1306239,942419.75
646.484573,19.41280561,PE(P-15:0/15:0),288813.9063,165380.9375,312064.7188,154927.75,40564.15625,62466.06641,258795.25,199892.9688,217273.7969,393116.875,451952.875,315291.3125,789703.5,347743.0938,436698.2188,450408.0313,230486.2656,359269.4063,799317.875,250325.4375,504838.4688,413278.4063,31823.08594,78678.4375,1231124.75,2347204.25,356422.1875,114434.6406,1368984.375,1162125.375,49420.38672,859501.4375,502410.7188,555903.9375,113602.25,156178.9219,855726.4375,652201.5,502950.1563,247825.2188,420094.375,365292.9375,647483.6875,424858.3438,453730.7188,449007.625,588976.5,987215.375,586092.6875,378732.1875,227179.7813,819617.1875,310639.8125,610044.0625,251048.3594,1377046.375,470746.8438,600137.5625,1120137.75,1062075.25
644.4687669,17.61273719,PE(P-15:0/15:1),198514.1875,70408.20313,191758.2969,89456.94531,32547.67773,26522.03125,136749.2344,54917.01563,103346.0703,138243.5,253400.4063,225188.2813,415708.5938,329364.4688,348030,253067.8906,135317.9844,217190.9219,437713.8125,68900.96875,298479.5313,137039.8906,13997.5459,18446.4043,270700.0313,353147.8438,84820.33594,17831.875,501176.7188,121581.4766,18431.14844,244964.7344,113575.7813,118572.8828,26079.54297,25100.28125,98020.9375,62215.16797,109166.2422,34462.09766,73691.69531,59555.48047,385869.0938,566166.875,659707.25,353496.4375,528550.1875,496308.3438,462385.4688,212950.9531,109986.875,526683.5,229596.125,416169.5,193859.5469,564905.75,238470.5156,394070.2813,765681.25,634130.9375
672.5002121,18.62089692,PE(P-16:0/16:1),1624541.375,990986.1875,1277452,685696.5625,1760459,420187.875,2547022.75,927554.125,834777.5,1084480.5,1902540.75,945691.6875,1679350.25,2173274.25,1996479.125,1595883.875,1829004.375,1238259.5,2880238.75,825538.1875,2010551.375,1936609.125,1512766.625,1119540.5,2015362.125,2195610.75,1308779.625,1782598.5,2929189.75,2476287.75,301218.1563,2127924.5,1456879.125,1696746.875,350114.6875,1532958.5,1390503.75,1171415.25,1208718.75,694539.8125,1224640.75,533752.875,1698637.625,1832653.75,2316210.5,2252726,1597709.375,2072912.875,2106543.75,942606.375,607520.0625,2321145.5,1006411,1790433.25,861373.8125,2648102.5,883428.3125,1635706,3242257.5,2781269
693.474442,14.56191792,PG(14:0/16:0),173078.9219,170705.0469,191047.3438,60637.96484,144600,145384.5938,233178.5469,112479.2031,208031.9375,104752.5703,269257.2813,185791.5156,317199.4375,278780.625,273213.1875,275484.5938,252027.9688,196028.375,285331.375,63998.96484,339120.0938,138222.2031,110712.0625,121475.6641,260235.6563,441198.7813,288184.4375,182515.7188,257158.3906,332893.125,31086.41211,413404.2188,107976.5625,195914.1875,96367.36719,181549.4531,201931.6406,298951.2813,162275.2813,166514.5156,181082.1406,169034.7031,612741.625,609867.375,2035601.375,828850.625,3707583.75,686151.8125,367799.125,713898.5625,219679.0156,522808.6875,213638.2656,259061.9531,315024,741726.125,282996.7813,262462.375,787743.0625,442370.0313
691.4582423,12.74919589,PG(14:0/16:1)_A,256127.9531,119028.2266,240011.2031,67922.07813,127198.2031,66098.63281,162138.7656,72113.27344,172004.0938,93622.28906,307142.1563,280886.5313,247046.9375,384852.875,321063.9375,299293.2813,160202.5938,210365.7969,280467.9688,92408.03125,294716.125,128145.1953,95055.22656,139162.2656,245597.6875,375355.625,187211.5781,97571.05469,287142.1875,228328.6875,32002.55469,347749.2188,132038.2188,231889.0469,74865.44531,158965.4688,149598.4375,145070.9375,143436.9531,115302.1719,130015.9063,106248.7422,315168.7188,746621.0625,688111.875,743005.375,646823.4375,640699.8125,535880.8125,553583.4375,189320.3594,704550.5,175644.9531,272832.8125,358169.5625,546366.125,246161.0625,252400.7188,918863.4375,436353.6563
691.4585765,13.12189278,PG(14:0/16:1)_B,501498.2813,391577.5313,341706.4063,353785.625,238634.4375,245561.3125,245631.9844,237587.6406,481334.4375,489224.6875,588322.625,597826.6875,624178.5625,560364.4375,788973.125,326183.5938,445225.6875,378352.0938,409449.1875,192191.3281,401849.9063,354437.0625,245189.2344,401488.375,528736.75,762142.0625,699733.125,155604.8125,910492.25,326776.2813,100243.5938,549845.5,359626.4688,327160.6563,253251,364844.2188,463342.6875,226005.3594,352586.1563,395597.375,678343.4375,398366.9063,290123.9375,413270.7813,585365.25,409694,463914.1875,357867.9375,485632,352859.2813,261337.3438,514063.7188,223685.875,417348.2188,231563.9063,491887.0938,330836.125,241712.9531,668437.8125,423886.2188
719.4898955,14.82268283,PG(14:0/18:1),428095.375,251988.8281,558516.875,148248.9844,130634.2891,114761.6641,232903.4219,170289.7188,421156.7188,268866.6563,631698.125,365370.625,296598.0938,479384.4063,420269.2188,512100.8125,147382.6094,524710.8125,701564.75,156115.0938,531029.8125,181201,147322.4531,117291.9766,257145.7656,409341.625,283149.1875,160635.3594,312789.2813,255552.875,50482.26953,384770.4375,193342.4531,224519.25,119288.7031,178012.1719,161019.8906,172116.4844,202877.0625,176368.1719,253558.75,141893.2969,2431030,3241051.25,3708861.5,3534248.75,3329081.5,1520543.75,1181019.875,3490201,616725.25,1753260.5,883034.3125,779558,2686925,1276695.75,780143.875,669338.1875,2989274.75,842221.1875
693.4743617,14.17221228,PG(15:0/15:0),520962.7813,488891.6875,1028228.25,373856.0313,307684.6563,292916.9063,327835.4063,332403,813446.3125,814348.875,1129108.875,1044708.375,607340.125,759733.6875,804525.6875,744344.125,419980.9063,1142748.125,826502.5,233416.375,687799.8125,400387.25,279631.6875,263385.2813,645761,872660.4375,870499.625,589239.9375,1174649.25,890367.5625,151297.2031,869497.125,592665.0625,808792.5,413948.2188,406178.875,568639.5625,1566353.5,622792.4375,467034.875,638027.375,426183.9375,942906.9375,1821153.5,1104742.625,1392694.25,1598178.5,1876289.125,3016249.25,1597136,831629.3125,2919023,780020.3125,951804.625,747627.1875,1495081.75,1244698.375,1043277.313,1855782.75,1005189.938
707.4903557,15.21744483,PG(15:0/16:0)_A,152969.8125,129380.5938,302318.3438,64529.82422,104577.6016,92246.13281,148870.1563,74379.30469,240457.9844,126991.7891,358072.9063,265487.375,245428.0156,334296.4375,307116.9063,289147.0313,161644.5469,287293.9063,261760.6719,77719.36719,249278.1094,129646.9688,178942.3594,91154.48438,269876.0313,492048.7813,418210.6563,339847.125,262359.8438,468750.625,34005.0625,358577.6563,136071.5,244093.9688,124400.6016,211801.2656,242235.0781,268740.9375,279523.4688,208422.4375,320700.2188,234640.4531,728440.625,1051788,833110.8125,954012.4375,771564.625,1037714.313,754169.75,842408.75,454827.7813,970036.375,394504.2813,498250.5938,424878.0625,953924.5,494878.2188,472252.8125,978047.4375,641418.5625
707.4899334,15.56433817,PG(15:0/16:0)_B,495130.6875,426840.3125,573580.6875,208118.1875,258089.5781,297122.3125,370430.125,320518,619525.9375,527388.1875,837478.6875,621063.0625,645633.5,693318.875,674603.6875,1005301.625,315927.25,566292,979730.5625,229138,762183.625,250942.625,239079.8906,177798.3594,612931.25,1052671.625,702467.6875,623262.5,484202.4063,1091050.125,109348.0938,797514.75,380722.125,574899.3125,255100.7031,344535.625,457358.5,990589.4375,431453.25,433902.4375,577669.6875,465018.25,1270289,1009769.5,1171459.625,1405777.25,1398452.5,1687890.25,964991,1352875,834915.375,1579638.75,691296.3125,652500.875,680502,1799312.75,825136.6875,851497.8125,1966917.125,991137.5
705.4741861,13.70878253,PG(15:0/16:1)_A,696352.6875,428695.4063,657913.3125,263817.2813,265153.1875,219731.4688,486926.25,283001.25,537833.0625,352678.8125,899456,727828.8125,608672.3125,1111710.625,746863,745492.25,398817.4375,717987.25,848237.625,228443.3438,809486.4375,403837.75,373796.0938,291376.1875,663374.3125,1399268.75,883945.75,638575.5625,849015.125,872729.3125,104249.5781,1273936.25,368946.8125,734692.1875,240745.4063,482249.75,542581.75,867818.75,629766.5,485457.9688,766145.375,506663.2188,1101272.25,1994587.75,2034194,2097786.5,1939399.5,1669684.375,1514398.375,1557791.75,658622.4375,1837625.125,589930.8125,1225400.75,965519.125,1560395.5,847427,1062506.125,2635235.25,1806463.125
705.4743776,14.18029764,PG(15:0/16:1)_B,576064.3125,476504.875,971708.3125,246918.5625,346399.3438,210602.2344,379422.2813,285044.9688,848265.125,694576.0625,1189193.875,988543.625,763988.5625,941858.25,1044908.813,644627.9375,469483.8125,1058901,538567.1875,160474.9063,853275.3125,603549.125,434126.625,399000.8125,937620.5625,1355364,1466968.625,467688.75,2134928.5,1155514.5,129244.4297,1160604.875,614855.1875,1133747.25,453987.875,493650.6563,647972,925699.5625,719428.5,715419.25,1045202,737832.9375,544801.5,1433295.5,888599.5,1026469.563,1013076.188,1519077.875,2870475.75,910498.875,456922.9375,2285926.25,407654,879990.0625,453518.8125,1515682,917796.125,684281,1726216.75,1000402.5
721.5055206,16.30877514,PG(15:0/17:0),495285.9688,758432.5625,462327.375,330135.8125,91134.05469,443495.7813,509022.9375,805372.375,633949,534076.625,583813.125,720707.375,269071.0313,356452.4375,431069.9063,515726.2813,173822.4531,451255.3125,604431.875,543924.1875,596148.5,168938.1875,90761.77344,92004.78906,214693.5156,418571.5,329510.9688,231438.1719,265944.9375,429731.75,148676.1406,291282.5313,307166.4375,329747.4688,276458.75,173220.5938,236728.3281,852212.75,273220.5,196264.0313,301996.4688,157540.2031,1285825.875,1379828.75,1627124.75,1297586.625,1778143.125,885032.125,535986.1875,1209630.625,632861.6875,739400.875,689959.25,475877.7813,524805.9375,571812.625,461443.5,509969.375,811102.0625,503391.8438
719.4902206,14.48180764,PG(15:0/17:1),183343.2969,322995.875,314704.5,67086.98438,99981.50781,131630.875,215941.3281,279901.625,245985.3906,151944.3594,343162.0938,244614.125,188194.8281,269071.625,251649.0938,241100.7813,91600.32813,311600.5625,203773.7344,67985.96094,210808.8594,161132.4844,122770.5234,104761.25,247467.4375,509042.8438,389212.0313,233212,338440.5625,355901.25,47163.9375,391338.875,202684.375,255044.0625,157217.25,145217.5469,215041.9844,817741.25,275527.3125,321828.4688,305799.625,208718.9688,406943.4063,795089.375,1532457.25,512719,2009277.5,539168.0625,600460.8125,759139.5625,290716.5938,653377.9375,315283.7188,395720.0313,326541.375,540614.75,371918.3125,387368.2813,770492.75,659817.125
721.5056376,17.05655861,PG(16:0/16:0),1042309.25,559943,932296.0625,371229.8125,419116.0313,313684.2813,797809.75,548953.6875,1085699.75,584066,1148152.375,995886.0625,1601424.25,1394958,1402969.125,1278220.75,617583.875,910709.3125,1483059.25,367552.7813,1114520.375,579855.6875,565842.625,609072,985910.6875,2190774,1428624.75,1300306.375,2140682,1567442.5,140797.875,2448050,769205,1104789.75,432048.625,616280,2323891.75,1469452,843419.8125,843589.375,1278624.25,432552.2813,2218582.75,2072398.875,2180868,2425470,2357534,1945088.375,1131262.25,2281308.5,1297849.875,1832771.375,905352.25,1612310.375,1518952,2216078.25,1441521.875,1124697.875,2559659.5,2320003.75
719.4898682,15.21724344,PG(16:0/16:1),2782741.75,2468790,3213076.75,1197142.75,1648960.625,1206749.625,1677131.5,1294134.5,3036131.75,1845839.125,3443983,3018794.25,3756556.75,3754910.25,4072414,2672605.5,2538194.25,3024342.5,3473306,1181051.875,2863485.5,2687451.75,2068753.75,2312539.75,4139645.25,5925993.5,5365852,1876193,6126576,3947704,514569.0313,6723203.5,2639935.75,2828700,1451833.875,2511527.25,4065367,4851154.5,4681315.5,4516621,6214950.5,3012992,5695940,8928758,8341770,7944869,8949562,9246653,6747280.5,6110585,4066859,9210032,3272479,4707903.5,4128846.25,1.06E+07,5217467,4035736,9384250,6137715.5
735.5221058,17.47991806,PG(16:0/17:0),365682.75,330673.8438,623012,97103.86719,168938.25,144030.4531,145108.2813,301506.7188,293390.6875,161213.2969,525639.625,330218.3125,228324.9375,331668.625,188611.1875,507528.375,36909.26953,551799,577704.25,104441.5156,100573.1016,96871.80469,117274.3984,78000.625,144029.9531,234514.2813,182432.375,90990.85156,140879.5156,197403.75,42175.65234,208127.6406,92476.04688,129227.9141,67952.35938,143879.5625,139924.2969,184848.625,132812.25,170166.8281,167796.25,86849.21094,1796597.25,1249050,2220781.5,1440073.75,3763505.5,1581102.125,864314.625,1867268,1352515.875,964031.9375,1512860.125,540856.75,1126803.875,1008100.813,829956.875,653699.1875,1104183.875,680658.9375
733.5056163,16.55547381,PG(16:0/17:1),731455.4375,926396.75,1508794,710418.1875,185563.0625,252064.4375,412521.3438,497559.8125,1075108.875,690026.6875,1092361.25,1267673.75,535938.9375,692754.4375,721759.9375,819767.625,284429,1451322.875,1156789.875,291977.25,1159874,417289.9063,260035.0469,196004.6719,662063.9375,919010.1875,627729.125,375051.9688,644754,687700.8125,197868.7813,863781.4375,383532.75,459916.5,321251.4688,375496.4063,601430.25,1302905.875,1419617.5,816499.4375,908226.875,516747.4063,3828098,5916185,6490359.5,5365022,8720308,5447015.5,2695709.75,5237178,4048430,3868450,2947006,2325666.5,2550153.75,5147322,2076128.625,1935370.5,5962284.5,3285280.25
747.5211304,17.22935319,PG(16:0/18:1);PG(16:1/18:0),2102487,996649.4375,1892540.75,658189.5,1006915.5,637799.875,1382604.125,1423034,1201998.375,967313,2190254.75,1325339.5,2220768.25,2453739,2349061,2409851,1217775.375,1489476.375,4071324.25,1230193.25,2360220,710663.9375,1508773.875,1208637,2564268,4560675,1980423,3582955.5,3024737.5,5879847.5,270457.9375,4051082.25,997727.25,1765450.5,556118.375,1771622.125,2676036.75,6836496,1381968.375,1442636,1438672.875,777560.5625,8194961.5,1.17E+07,1.18E+07,9730442,9753068,8648108,2703296,7131167,2613929.25,4205996.5,3033697.25,2380150,5532422,5113177,2886046.75,3190445,6385575,4713581
745.5056737,15.98316503,PG(16:0/18:2);PG(17:1/17:1),214535.0781,148260.75,253270.6094,66276.94531,206403.4844,72161.30469,138282.2813,213205.4375,159137.3125,135135.4219,224650.4375,174948.3594,236809.3906,344832.4688,317894.3125,211677.9219,165256.3594,225969.5469,340619.9063,87009.35938,326734.875,64768.56641,132947,124558.3984,309991.9063,247410.0469,107785.6016,123674.6875,231774.4531,366191.0625,28794.68164,221035.3594,94001.57031,109225.4297,46499.79688,200599.1406,114757.7969,255446.3125,170163.4375,148301.8594,90489.48438,64589.82422,1299735,1961531,1782496.625,1157320.375,1978718.625,924606.3125,378749.9688,1574290.75,477961,575208.875,455084.1563,233580.6875,885931.5625,636442.1875,427614.7813,336341.7813,551162.875,921641.3125
761.5370503,18.48183819,PG(16:0/19:1),1073745,672377.6875,1018482.875,325933.2188,288395.9063,220693.7344,652582.6875,545853.125,834362,807620.6875,1383081.75,673553.125,854519.3125,1138532,1146223.625,1014090.25,871399.6875,1060730.875,1510084.625,238160.25,1538946.125,102770.0234,143684.0469,86848.59375,212089.1563,424843.9375,274033.9063,355216.25,298976.4375,620893.75,30717.79688,420900.5,139781.8906,231976.6563,86320.98438,148361.5313,277496.0938,722671.0625,160941.6406,168062.5781,155165.375,95006.82813,2087676.375,1865899,2711812.5,2279254.25,2536040,1418028.5,1216339.25,2408091.25,1157594.625,1407990.625,1492847.125,1094201.5,1543072.5,899865.8125,863026.3125,775639.8125,1680149,1107158.875
481.2600952,5.210993722,PG(16:1/0:0)_A,80250.53125,25709.39258,56111.48828,21722.50195,62748.17969,13990.25488,33048.08984,26118.91406,91920.1875,30291.13477,95921.67969,63160.01172,71709.375,80885.51563,55876.22656,68449.44531,46126.42969,51815.23438,50360.70313,11833.86035,81839.05469,283918.1563,354422.75,211479.5156,109312.5156,85255.4375,115298.9453,152610.7813,89347.28125,106127.0938,48361.08594,41227.63281,84087.14844,76188.79688,68766,228694.0625,26072.5293,91417.17969,111341.7266,105484.9531,149674.8125,85656.76563,48620.68359,61741.13672,45837.08594,92621.125,47976.01953,74757.91406,118063.2266,60733.75781,29159.33594,135621.375,15423.98145,67245.17969,22581.84766,160953.1406,27084.22461,18505.19922,198632.4063,98769.89844
481.2605681,5.474769583,PG(16:1/0:0)_B,39087.14844,10446.38672,11457.17676,13050.30078,35751.54297,7993.711426,13133.13672,9667.330078,29884.36719,9037.515625,26332.12695,28423.29492,28336.71484,26283.57813,27031.34961,18953.06445,21313.06836,13906.39453,13114.86035,8549.581055,14981.74023,144993.2344,196541.3438,130800.0234,57646.94922,48064.11719,59008,107085.8672,50029.85938,76247.98438,38205.67969,24656.04297,44879.73828,53362.43359,34355.73828,134815.1406,18304.22656,73939.9375,48761.98828,44385.32031,51907.53516,63679.96094,31038.20703,49557.89844,22522.51758,37677.58594,25138.83594,35166.08203,32181.05469,27810.58398,16310.3252,48666.19141,9632.759766,22569.29688,11545.93262,50644.76172,21657.24414,11010.49023,43793.01563,33948.30078
717.4743352,13.34409286,PG(16:1/16:1),3392330.5,1894582.125,1068876.25,1440008.625,656796.3125,1232496.5,1099226.875,1001105.313,1471741.5,1063429.875,1396277.75,1412058,2911430,1601764.875,1540119.5,1032298.625,911896.75,924969.5,1471238.375,995037.75,1155648.625,970721.6875,789522.375,585412.0625,1612341.75,1524434.125,1059659,668639.4375,1941988.75,1501303,327239.0313,1903588.125,1289678.875,1166489.875,608416.3125,630285.6875,1247662.5,1114186,1812433.625,2396731.5,1435874.625,1146581.5,1185308.25,2019788.25,2133556.5,1808098.25,2054264.25,1396127.375,1684116.875,1266782.75,782892,1822891.125,818373.3125,1066708.625,1034063.688,1626539.625,1166800.125,936626,2516533.5,1793009.25
731.4900426,14.64067722,PG(16:1/17:1),117552.5234,184359.4219,178186.2344,38505.23828,65474.22656,99037.625,86325.17969,89699.20313,137008.6094,87402.69531,181755.2656,124608.0469,148906.0938,154000.7813,110354.8828,146248.6875,78940.1875,267268.6875,128515.8828,35066.44531,125813.5859,112670.25,69888.41406,70537.94531,125087.7891,199512.5156,154457.1406,92891.67969,232588.5625,167075.625,33401.36328,275999.7188,106425.4844,137311.4063,72297.92188,73246.01563,134326.9375,423902.25,162306.3906,137964.6563,204435.5625,106437.6719,412247.9688,768069.375,873801.9375,695991.6875,6024272,639550.3125,491481.9063,753054.3125,316460.3438,856712.375,335449.9688,370728.4375,374143.9063,561379.3125,396359.625,291582.8125,719613.3125,605874.9375
745.5055471,15.34780247,PG(16:1/18:1),1106734.375,624546.8125,1159986.875,309924,1091945.625,649697.5,567782.75,439960.8125,803745.9375,501090.6875,1468104.5,700601.1875,1710696.625,2192194.5,1737775.5,914721.0625,1056871.875,1232068.25,1910788.5,523122.4688,1258996.375,951957.375,884735.4375,904763.8125,1651337.5,2454180.25,2056822.25,1258634.875,3084036,2167369.5,183666.4688,4273705.5,889711.5,1426676.75,567418.3125,812862.875,1680570.75,3181208.75,1289568.625,1446225.625,1877555.375,729138.875,3067926.25,7973231,7053127.5,5781263.5,6727751.5,5457670,2948804.5,4171170.75,1929065.75,4420433,2016422.125,2149478.5,3181473.75,3881833.25,2393170.25,2293064.5,5881330.5,4526876
749.5378588,17.91866883,PG(17:0/17:0),142829.4219,149615.7344,275075.6563,83348,32023.53125,128497.1406,63831.38672,142673.5,152017.8281,142618.5625,339140.1875,175295.7656,96613.78125,165770.125,171225.625,211297.1406,34750.8125,331527.9688,173757.6563,45091.15625,176689.5781,41269.29688,66605.07031,35737.81641,84083.88281,174997.9688,181751.9219,141291.4688,90089.35156,194837.7656,38277.86719,147683.9219,72341.47656,80666.42188,66341.28125,56273.89063,80707,234786.9219,100656.3984,95906.80469,131517.625,68584.6875,993169.25,590292.5,1466876.125,857411.6875,1905661.125,603611.6875,451420.8125,966915.875,752040.4375,461575.9688,717847.1875,294025.7188,458435.3438,363298.8438,409810.75,238625.8438,512966.0938,294952.1875
759.521435,16.66576675,PG(17:1/18:1),177417.8594,146058.25,250390.5938,94195.67188,70053.73438,52714.20313,124386.1563,122417.6641,189446.1563,141488.375,267779.4375,279445.875,152759.0781,203363,185895.1875,195082.875,90127.29688,208677.2344,297421.9688,68708.625,314674.9688,76145.8125,135033.5781,83529.78125,221874.7813,402312.8438,237211.7656,212039.9531,282516.5313,452503.9688,52681.13672,292205.625,125816.5625,182135.0156,101938.7578,130128.5313,222890.2188,618399.5,234159.9844,229934.9531,261079.875,121644.4844,1007911.625,2150255.25,1653247,1243309.125,1246704.125,1143400.625,457948.7813,1150910.75,581043.0625,707631.6875,390291.2188,353339.4063,535374.125,667373.5625,440009.2813,399164.0625,942518.625,715323.9375
775.5523723,19.06225775,PG(18:0/18:1),1077796.875,750574.6875,1208802.125,416287.0938,284120.1875,293495.2813,725205.8125,577376.75,710727.5625,621557.5,1479937.125,652701.875,1598587.75,1601547.125,1135187.625,1605385.375,621653.375,1165349.75,2026974.125,471709.3438,1480079.875,284274.625,328305.6563,279141.4688,634705,998407.6875,841989.9375,695753.4375,858089.375,1119474.75,61742.19531,1003195.875,403544.125,697746.8125,200244.125,425577.4688,803283.125,1843267.5,265515.5625,424591.6875,518941.7188,243264.8281,2500341.5,2524464.5,2837320.25,3064301.5,2515284,2152073,1472555.625,2157892.5,1134553.125,1799176,1098500.25,1399718.5,1856865,1794881.75,1162471.625,1163661.875,2230355.75,1463140.375
509.2909012,6.434420611,PG(18:1/0:0)_A,96051.61719,44194.30469,229413.1094,31483.41016,140589.5313,22788.94336,61169.37109,32071.42578,79646.98438,32295.38086,183007.6563,66200.14844,176120.5469,172503.9063,118390.3594,166536.4531,125482.2109,164709.9531,165472.0625,23334.71875,232255.5,268719.4688,539180.3125,266732.1875,122970.6484,130282.3203,184253.6563,587796.3125,145635.8125,272400.2188,39403.47656,85839.76563,114066.1719,158087.7344,64093.41406,334679.8125,51444.125,262340.0313,130601.4844,111954.8047,131163.25,77360.08594,180416.8594,258538.75,160293.5156,302320.125,235080.2344,212313.8906,371712.4063,259264.5,58136.57422,681937.125,59533.05078,182769.9219,151011.3125,417839.3125,89776.98438,63045.91797,662144.1875,212790.2344
509.2901223,6.639044556,PG(18:1/0:0)_B,51130.10156,23001.45508,68396.80469,6466.040039,128544.3438,6283.810547,38846.16797,17272.25977,32364.04297,24154.3457,46489.67188,30095.83789,117599.8672,57498.57813,69865.20313,48103.57031,30382.32617,51380.38281,70219.5625,7800.421875,32782.75,187140.8125,427256.7813,242245.9063,80938.67969,75309.34375,119224.625,425843.9375,70519.00781,177315.2031,43231.99609,76663.04688,90912.53906,126359.2266,44979.96094,202310.9375,33545.07031,230514.5469,101772.6172,77964.07813,97717.53906,58347.19922,62335.85156,145216.4844,58313.65234,57745.30078,74500.9375,79646.41406,96260.84375,49776.01953,20305.82813,148430.8438,11559.09277,57210.38672,19719.41992,98123.85156,17835.31055,22494.60547,115786.9766,71643.10156
773.5372013,17.28842622,PG(18:1/18:1),5671748,2444570,4855591,1736771.25,2863826,1582671.125,3599520.75,2615855.75,2946665.5,1929899.125,6200309,2519453.25,5291122.5,7491881.5,6047142,4863966.5,4115805.25,4011395.25,9407376,1978980.625,6059957,2379772,2637774.25,2336246,4347491,6321612,3843905,3616075.5,6309116.5,6482027.5,704276.125,8216702.5,2672173.25,4197497,1973162.5,2161322.25,4538417.5,1.12E+07,4415697,3913379.75,3729101,1995217,8188525.5,1.29E+07,1.30E+07,1.13E+07,1.07E+07,9993725,6435431,9043552,3322732.25,8483824,4369977,5531242.5,8556758,6674216,5622561.5,4635835.5,1.08E+07,8926167
787.5527206,18.14515139,PG(18:1/19:1)_A,241640.8594,116521.0469,188614.7656,86821.625,85944.82031,79881.07813,162233.4375,122142.3438,134814.3281,115635.3828,293441.75,104220.6953,175425.7188,247364.7813,220117.8438,221706.0156,152862.7969,178317.4063,357800.0938,134263.5469,358490.7813,72882.21875,61763.19141,53528.98438,91789.25,120128.8828,97705.80469,105584.6484,123736.3047,189738.0938,27746.36914,191535.7188,62381.80859,95330.3125,47463.21875,55032.16797,138534.75,217097.3906,69476.47656,57047.50781,68866.0625,76011.48438,568168.5625,1004623,792154.1875,888970.8125,849492.0625,665524.1875,337498.625,823312.625,237201.7188,515494.875,278398.125,299377.125,409209.4063,386535.4688,261183.0625,219881.2344,692876.375,405012.2188
787.5527448,18.57559794,PG(18:1/19:1)_B,873977.25,595662,867536,301855.4688,289315.1875,212878.4844,581288.4375,456695.2813,617657.25,472912.3125,1167404.25,556746.375,778785.75,907146.9375,1048590.375,1034873.063,664151.375,797047.4375,1707526.5,328012.9688,1562715,168611.4531,260104.9219,159442.6406,365210.125,633850.75,446224.5938,781107.125,425848.7813,1072078.625,57157.09766,769173.375,174107,363410.25,134381.4844,251365.5,493330.8438,1696424.25,229741.7656,239314.0313,303817.0313,145018.8594,2213353.25,3250013,3316276,3252678.75,2788231.25,1815352.375,1484900.125,2485435.25,969684.9375,1740434.875,1142601.5,1011371.688,1680137.125,1300017.125,1113389.625,1128622.875,2203759.25,1364928.625
679.4949743,15.52951192,PG(O-15:0/15:0),379816.125,195192.7656,505718.125,145338.6719,233865.3125,328635,361394.125,144288.5313,515455.7813,224702.9063,722009.75,572534.5,603779.5,748459.5,552619.375,720121.4375,261243.875,542454.375,825257.75,180116.6875,595236.625,394517.2813,398882.5,357086.125,765169.4375,1301645.5,696523.5,819410.75,996563.8125,1441263.125,102831.9688,1198503.625,362432.1875,680136,166850.8281,524633.375,615620.6875,695103.375,517869.0625,298185.4688,372487.4063,239381.0938,830030.375,870956.8125,904499.75,1036256.063,1315999.25,1555087.5,1036758.375,1051506.125,556865.1875,1387208.125,493346.8125,845660.5625,601278.3125,1715150.75,733994.8125,773757.8125,2134514.5,1301385
833.5221438,15.33291758,PI(16:0/18:2),34202.78516,16902.50586,44997.29297,19489.26563,25753.86914,30783.06445,37675.01172,22562.53516,15995.2959,10260.98438,50392.17578,15092.70605,86927.9375,83815.1875,27020.81445,31291.05469,30587.31055,30903.0332,86833.49219,36063.37891,27143.33398,44559.90625,238277.7031,102291.5703,110561.5,375628.0938,256124.2813,663187.3125,298867.0625,1022861.188,15493.65625,724266.3125,113428.2578,193330.2969,47945.22266,181866.1719,221413.9688,1499703.375,48458.35938,31673.91992,78423.16406,54690.62891,64901.58594,669998.0625,372875.2188,161818.8281,230831.1406,147120.9844,82720.13281,152657.7969,22638.10742,73257.67969,57821.75781,56183.74609,348031.5625,163057.5938,59724.78125,61135.75391,195965.7031,427962.875
