Date,Site,treatment,Plot,Fill,Mass,NH4,NO3,PO4,TFPA,TRS,Bubles/sediment,Time,Average vacutainer 7.176g
6/16/2017,Hydric,Ancillary,1,,8.12,1.58345776,0.033000859,,3.396981396,0,,,
6/16/2017,Hydric,Ancillary,2,,11.38,0.250019646,0.040108736,0.011199052,0.52343424,0,,,
6/16/2017,Hydric,Ancillary,3,,8.6,1.399232758,0.030970037,1.45505734,1.249832778,0,,,
6/16/2017,Hydric,Ancillary,4,,8.02,1.182841485,0.033000859,,2.852182493,0,,,
6/16/2017,Hydric,Ancillary,5,,8.56,1.027858546,0.016246577,1.343066818,1.110962469,0,,,
6/16/2017,Hydric,Ancillary,6,,9.27,1.317354979,0.011169521,1.357816789,1.666443703,0,,,
6/16/2017,Hydric,Ancillary,7,,8.44,1.191614104,0.035539386,1.514330372,12.46628078,0.002529064,,,
6/16/2017,Hydric,Ancillary,8,,,,,,,,,,
6/20/2017,Hydric,Lysim,1,,8.98,4.918200807,0.017261988,1.438820245,8.025503818,0.130715825,,,
6/20/2017,Hydric,Lysim,2,,12.99,1.166679764,2.059909251,0.906140058,2.585124207,0.467057697,,,
6/20/2017,Hydric,Lysim,3,,7.35,4.286886568,0.013708049,,8.367398472,0.557553268,,,
6/20/2017,Hydric,Lysim,4,,12.48,1.413775204,2.017261988,0.531845972,6.82253952,0.064352406,,,
6/20/2017,Hydric,Lysim,5,,13.1,0.277799607,0.032493153,1.49686149,1.313926766,0.071893704,,,
6/21/2017,Hydric,Lysim,1,,,,,,,,,,
6/21/2017,Hydric,Lysim,2,,13.23,0.106996111,0.033708493,0.00233907,0.52343424,0.310198707,,,
6/21/2017,Hydric,Lysim,3,,,0.106996111,0.033708493,0.00233907,0.52343424,0.310198707,,,
6/21/2017,Hydric,Lysim,4,,,,,,,,,,
6/21/2017,Hydric,Lysim,5,,,,,,,,,,
6/22/2017,Hydric,Lysim,1,,9.53,0.239774418,0.023595945,0.141636224,0.385974048,0.070385444,,,
6/22/2017,Hydric,Lysim,2,,13.42,0.122465428,0.022921775,0,0.896822054,0.016088102,,,
6/22/2017,Hydric,Lysim,3,,9.14,0.204968454,0.047866061,0.242058629,0.079465245,0.034187216,,,
6/22/2017,Hydric,Lysim,4,,12.96,0.122465428,0.022247606,0.03947239,0.726539385,0.037203735,,,
6/22/2017,Hydric,Lysim,5,,13.27,0.095394123,0.035731003,0.016543575,0.817356808,0.037203735,,,
6/22/2017,Hydric,Ancillary,1,,10.43,0.17016249,0.017528417,0.213147726,0.998991655,0.201604022,,,
6/22/2017,Hydric,Ancillary,2,,13.01,0.122465428,0.033708493,0.00789436,0.113521779,0.004022025,,,
6/22/2017,Hydric,Ancillary,3,,11.07,0.16887338,0.033708493,0.119287885,0.408678404,0.014579842,,,
6/22/2017,Hydric,Ancillary,4,,11.71,0.121176319,0.027640965,2.473409631,0.192987024,0.013071582,,,
6/22/2017,Hydric,Ancillary,5,,9.83,0.190788246,0.025618455,0.470476063,0.090817423,0.08395978,,,
6/22/2017,Hydric,Ancillary,6,,,0.124702685,0.019609478,0.00648784,0.337778916,,,,
6/22/2017,Hydric,Ancillary,7,,13.08,2.356492666,0.023595945,0.022348339,0.874117698,0.008546804,,,
6/22/2017,Hydric,Ancillary,8,,7.47,0.155982283,0.041124362,,,0.035695475,,,
6/23/2017,Hydric,Lysim,1,,9.95,0.104417892,0.028315134,0.054274537,0.817356808,0.117141489,,,
6/23/2017,Hydric,Lysim,2,,11.34,0.090237684,0.024944285,0.002031667,0.613017606,0.011563323,,,
6/23/2017,Hydric,Lysim,3,,9.24,0.145669404,0.05258525,0.017124052,3.802979594,1.770288537,,,
6/23/2017,Hydric,Lysim,4,,12.94,0.126332758,0.017528417,0.004643811,0.499495827,0.093345464,,,
6/23/2017,Hydric,Lysim,5,,13.36,0.091526794,0.033034324,0.002612143,2.134209444,0.088432545,,,
6/25/2017,Hydric,Lysim,1,,10.61,0.11344166,0.024270115,0.026793562,0.578961073,0.01600415,,,
6/25/2017,Hydric,Lysim,2,,13.26,0.083792135,0.023595945,0.002143485,0.488143649,0.010143476,,,
6/25/2017,Hydric,Lysim,3,,12.2,0.086370355,0.04854023,0.001071742,0.987639477,0.011270528,,,
6/25/2017,Hydric,Lysim,4,,13.06,0.090237684,0.025618455,0.002143485,0.726539385,0.010143476,,,
6/25/2017,Hydric,Lysim,5,,13.24,0.088948574,0.033034324,0.003215227,0.533552361,0.012172171,,,
6/26/2017,Hydric,Ancillary,1,,10.93,0.140512965,0.016180077,0.116016124,1.759587573,,,,
6/26/2017,Hydric,Ancillary,2,,13.12,0.118598099,0.028989304,0,0.476791472,,,,
6/26/2017,Hydric,Ancillary,3,,12.6,0.180276707,0.028089253,0.011679297,0.737891563,,,,
6/26/2017,Hydric,Ancillary,4,,12.71,0.165366603,0.021199436,0.000543223,0.851413342,,,,
6/26/2017,Hydric,Ancillary,5,,10.5,0.207385986,0.023849365,0.018469586,0.760595919,,,,
6/26/2017,Hydric,Ancillary,6,,12.79,0.162655675,0.034979069,0.000814835,0.59031325,,,,
6/26/2017,Hydric,Ancillary,7,,13.27,0.182987635,0.020139464,0.001358058,0.250610164,,,,
6/26/2017,Hydric,Ancillary,8,,8.42,0.233139802,0.036569027,0.230054992,0.272402352,,,,
6/29/2017,Hydric,Lysim,1,,11.18,0.184343099,0.022259408,0.017386116,0.435843763,0.089776952,,,
6/29/2017,Hydric,Lysim,2,,13.2,0.116569901,0.022789394,0,1.961296933,4.651672862,,,
6/29/2017,Hydric,Lysim,3,,11.92,0.161300212,0.035509055,0.002949018,0.23971407,0.004460967,,,
6/29/2017,Hydric,Lysim,4,,13.15,0.139612788,0.019609478,0.00324392,0.370467199,0.106505576,,,
6/29/2017,Hydric,Lysim,5,,13.22,0.142323716,0.028089253,0.005013331,0.272402352,0.028593438,,,
6/29/2017,Hydric,Ancillary,1,,11.97,0.15723382,0.008479774,0.087745555,1.405596135,0,,,
6/29/2017,Hydric,Ancillary,2,,13.27,0.14367918,0.027559267,0.001901606,0.05448047,0.001115242,,,
6/29/2017,Hydric,Ancillary,3,,13.01,0.206030522,0.020139464,0.000814974,0.250610164,0.04795539,,,
6/29/2017,Hydric,Ancillary,4,,13.23,0.309045783,0.02331938,0.002716581,0.250610164,0.004460967,,,
6/29/2017,Hydric,Ancillary,5,,12.17,0.233139802,0.018549506,0.009236374,0.185233599,0.091449814,,,
6/29/2017,Hydric,Ancillary,6,,12.66,0.253471761,0.02066945,0,0.555700798,0,,,
6/29/2017,Hydric,Ancillary,7,,13.23,0.173499387,0.028089253,0,0.305090634,0.981412639,,,
6/29/2017,Hydric,Ancillary,8,,8.06,0.158589284,0.046108773,,0.370467199,0.012825279,,,
7/3/2017,Hydric,Lysim,1,,10.81,0.148895358,0.008525575,0.03385698,0.64078963,,,,
7/3/2017,Hydric,Lysim,2,,13.07,0.152440485,0.080992958,0.006382873,0.090028295,,,,
7/3/2017,Hydric,Lysim,3,,11.06,0.177256378,0.029839511,0.010545617,0,,,,
7/3/2017,Hydric,Lysim,4,,13.05,0.283610206,0.012788362,0.005023497,0,,,,
7/3/2017,Hydric,Lysim,5,,13.09,0.326151736,0.039786014,0.008460627,0,,,,
7/3/2017,Hydric,Ancillary,1,,11.66,0.194982016,0.004262787,0.083809901,2.187157993,,,,
7/3/2017,Hydric,Ancillary,2,,13.11,0.138259975,0.032681369,0.039407305,0.64078963,,,,
7/3/2017,Hydric,Ancillary,3,,12.89,0.163075868,0.025576724,0.0102681,0.079436731,,,,
7/3/2017,Hydric,Ancillary,4,,12.84,0.159530741,0.018472078,0.044680113,0,,,,
7/3/2017,Hydric,Ancillary,5,,12.71,0.077992807,0.014209291,0.017483522,0.736113707,,,,
7/3/2017,Hydric,Ancillary,6,,12.12,0.120534337,0.01563022,0.006382873,0.174760808,,,,
7/3/2017,Hydric,Ancillary,7,,13.1,0.152440485,0.021313936,0.004717776,0.217127065,,,,
7/3/2017,Hydric,Ancillary,8,,8.01,0.163075868,0.053995305,,0.428958347,,,,
7/4/2017,Hydric,Lysim,1,,10.61,0.184346634,0.029839511,0.018507622,0.609014937,,,,
7/4/2017,Hydric,Lysim,2,,13.02,0.26233944,0.072467383,,,,,,
7/4/2017,Hydric,Lysim,3,,10.88,0.27651995,0.036944156,0.001057578,0.142986116,,,,
7/4/2017,Hydric,Lysim,4,,13.18,0.251704057,0.022734865,0.001850762,0.227718629,,,,
7/4/2017,Hydric,Lysim,5,,13.21,0.237523547,0.821297013,0.006609865,0.100619859,,,,
7/4/2017,Hydric,Lysim 2,1,,9.31,0.953639316,3.879136409,0.007931838,0.545465553,,,,
7/4/2017,Hydric,Lysim 2,2,,7.57,0.263921329,2.3786,0.104435864,7.355841288,,,,
7/4/2017,Hydric,Lysim 2,3,,,,,,,,,,
7/4/2017,Hydric,Lysim 2,4,,8.37,0.554911511,0.301483157,0.349265257,34.311372,,,,
7/4/2017,Hydric,Lysim 2,5,,11.69,0.162413125,0.986179947,0.063190308,5.142204385,,,,
7/5/2017,Hydric,Lysim 2,1,,9.42,0.056844594,0.023500914,0.005415608,0.587052272,,,,
7/5/2017,Hydric,Lysim 2,2,,7.69,,0.183978586,,,,,,
7/5/2017,Hydric,Lysim 2,3,,,,,,,,,,
7/5/2017,Hydric,Lysim 2,4,,9.93,0.087973776,0.026858188,0.006705039,0.480315495,,,,
7/5/2017,Hydric,Lysim 2,5,,12.6,0.067672136,0.030215461,0.007478697,0,,,,
7/7/2017,Hydric,Lysim,1,,13.11,0.058198037,0.006714547,0.009092341,1.037718662,,,,
7/7/2017,Hydric,Lysim,2,,8.37,0.074439349,0.038272918,0.005786035,0.57519263,,,,
7/7/2017,Hydric,Lysim,3,,7.7,,0.026858188,,,,,,
7/7/2017,Hydric,Lysim,4,,13.2,0.220611162,0.005371638,0.003857357,0,,,,
7/7/2017,Hydric,Lysim,5,,12.77,0.135344271,0.008057456,0.00854129,0,,,,
7/10/2017,Hydric,Lysim 2,1,,13.09,0.314257247,0.018188373,0.002926847,0,,,,
7/10/2017,Hydric,Lysim 2,2,,13.14,0.336974639,0.045470933,0.000798231,0.219403374,,,,
7/10/2017,Hydric,Lysim 2,3,,,,,,,,,,
7/10/2017,Hydric,Lysim 2,4,,12.03,0.053764493,0.042439538,0.003725078,0,,,,
7/10/2017,Hydric,Lysim 2,5,,13.05,0.040134058,0.018188373,0.007610562,0,,,,
7/10/2017,Hydric,Ancillary,1,,12.19,0.066318693,0,0.06359241,2.769226373,,,,
7/10/2017,Hydric,Ancillary,2,,13.24,0.090680662,0.002014364,0.000266077,0,,,,
7/10/2017,Hydric,Ancillary,3,,13.04,0.101508203,0.002014364,0.002926847,0,,,,
7/10/2017,Hydric,Ancillary,4,,13.14,0.077146235,0,0.002926847,0,,,,
7/10/2017,Hydric,Ancillary,5,,13.03,0.073085906,0.004028728,0.005321541,0.06522803,,,,
7/10/2017,Hydric,Ancillary,6,,13.1,0.06496525,0.000671455,0.004523309,0,,,,
7/10/2017,Hydric,Ancillary,7,,13.22,0.085266891,0.001342909,,0.100806956,,,,
7/10/2017,Hydric,Ancillary,8,,8.2,0.503568842,0.034861049,0.068647873,0.539613704,,,,
7/16/2017,Hydric,Lysim 2,1,,13.03,0.086696416,0,0.005211511,0.376173025,,,,
7/16/2017,Hydric,Lysim 2,2,,8.49,0.101833886,0.054222154,0.014999629,0.125391008,,,,
7/16/2017,Hydric,Lysim 2,3,,,,,,,,,,
7/16/2017,Hydric,Lysim 2,4,,11.6,0.132108825,0.000785828,0.010237842,0.161217011,,,,
7/16/2017,Hydric,Lysim 2,5,,13,0.089448683,0.012573253,0.006269686,0,,,,
7/16/2017,Hydric,Ancillary,1,,11.58,0.177952899,0.024251164,0.080433615,2.358545155,,,,
7/16/2017,Hydric,Ancillary,2,,13.11,0.238532609,0.015156978,0.008104076,0,,,,
7/16/2017,Hydric,Ancillary,3,,13.03,0.473278987,0.012125582,0.006520218,0,,,,
7/16/2017,Hydric,Ancillary,4,,13.1,0.397554349,0.009094187,0.011535769,0,,,,
7/16/2017,Hydric,Ancillary,5,,11.99,0.431630436,0,0.009423958,0.268695018,,,,
7/16/2017,Hydric,Ancillary,6,,12.56,0.344547102,0.006062791,0.003624249,0,,,,
7/16/2017,Hydric,Ancillary,7,,13.1,0.314257247,0.021219769,0.004153337,0,,,,
7/16/2017,Hydric,Ancillary,8,,7.9,0.321829711,0.034861049,,,,,,
7/20/2017,Hydric,Ancillary,1,,,,,,,,,,
7/20/2017,Hydric,Ancillary,2,,,,,,,,,,
7/20/2017,Hydric,Ancillary,3,,,,,,,,,,
7/20/2017,Hydric,Ancillary,4,,,,,,,,,,
7/20/2017,Hydric,Ancillary,5,,,,,,,,,,
7/20/2017,Hydric,Ancillary,6,,,,,,,,,,
7/20/2017,Hydric,Ancillary,7,,,,,,,,,,
7/20/2017,Hydric,Ancillary,8,,,,,,,,,,
7/24/2017,Hydric,Lysim 2,1,,13.15,0.195272476,0.017989503,0.015717168,0.759309827,,,,
7/24/2017,Hydric,Lysim 2,2,,13.02,0.147310815,0,0.014703157,0.154331266,,,,
7/24/2017,Hydric,Lysim 2,3,,7.3,,,,,,,,
7/24/2017,Hydric,Lysim 2,4,,13.1,0.123329985,0.003270819,0.016224173,0,,,,
7/24/2017,Hydric,Lysim 2,5,,13.3,0.123329985,0,0.016731179,0,,,,
7/24/2017,Hydric,Ancillary,1,,11.94,0.097705485,0,0.091852355,0.919814344,,,,
7/24/2017,Hydric,Ancillary,2,,13.36,0.08807255,0.005500798,0.022197652,0,,,,
7/24/2017,Hydric,Ancillary,3,,13.05,0.09220095,0.007072455,0.020921925,0,,,,
7/24/2017,Hydric,Ancillary,4,,13.18,0.079815748,0.00471497,0.021687362,0.376568288,,,,
7/24/2017,Hydric,Ancillary,5,,12.84,0.085320283,0.00471497,0.024493961,0.141984764,,,,
7/24/2017,Hydric,Ancillary,6,,12.78,0.202124142,0.004906228,0.02398367,0.055559256,,,,
7/24/2017,Hydric,Ancillary,7,,13.32,0.174717479,0.009812456,0.021432216,0.203717271,,,,
7/24/2017,Hydric,Ancillary,8,,11.89,0.171291646,0.011447866,0.020156489,0.314835782,,,,
7/26/2017,Hydric,Lysim 3,1,,9.99,0.253511636,0.027801959,1.171247738,6.694406467,,,,
7/26/2017,Hydric,Lysim 3,2,,12.52,0.450085803,0.031072778,0.007113368,1.566775982,,,,
7/26/2017,Hydric,Lysim 3,3,,,,,,,,,,
7/26/2017,Hydric,Lysim 3,4,,13.13,0.315176628,0.011447866,0.013172903,5.704149786,,,,
7/26/2017,Hydric,Lysim 3,5,,13.06,0.567865813,0.013083275,0.907640284,1.715992742,,,,
7/26/2017,Hydric,Lysim 2,1,,13.02,0.438506613,0,0.0081672,0.4408677,,,,
7/26/2017,Hydric,Lysim 2,2,,8.77,0.137033317,0.006541637,0.003161497,2.299294623,,,,
7/26/2017,Hydric,Lysim 2,3,,,,,,,,,,
7/26/2017,Hydric,Lysim 2,4,,12.67,0.137033317,0,0.005532619,0.11530386,,,,
7/26/2017,Hydric,Lysim 2,5,,13.09,0.133607484,0.008177047,0.007113368,0.834257341,,,,
7/27/2017,Hydric,Lysim 3,1,,11.29,0.219253307,0.014718684,0.014376279,0.698605741,,,,
7/27/2017,Hydric,Lysim 3,2,,13.02,0.174717479,0.004906228,0.005324548,0.454432861,,,,
7/27/2017,Hydric,Lysim 3,3,,,,,,,,,,
7/27/2017,Hydric,Lysim 3,4,,13.04,0.16443998,0.009812456,0.006251413,1.051299901,,,,
7/27/2017,Hydric,Lysim 3,5,,12.95,0.143884982,0.004906228,0.010939973,0.549388981,,,,
7/29/2017,Hydric,Lysim 3,1,,12.81,0.184994977,0.008177047,0.01406568,0.739301221,,,,
7/29/2017,Hydric,Lysim 3,2,,12.95,0.181569144,0.019624912,0.008335218,0,,,,
7/29/2017,Hydric,Lysim 3,3,,,,,,,,,,
7/29/2017,Hydric,Lysim 3,4,,13.13,0.265894775,0.061704219,0.008335218,0.942778621,,,,
7/29/2017,Hydric,Lysim 3,5,,13.16,0.178429389,0.011673771,0.011200449,1.403994062,,,,
7/30/2017,Hydric,Ancillary,1,,11.66,0.211776392,0.057903385,0.019404619,0.508693501,,,,
7/30/2017,Hydric,Ancillary,2,,13.25,0.135301584,0.075825862,0.076270932,0.19669482,,,,
7/30/2017,Hydric,Ancillary,3,,13.02,0.132360245,0.15578768,0.016709533,0.820692181,,,,
7/30/2017,Hydric,Ancillary,4,,13.04,0.082357486,0.270215798,0.015631498,0.42730254,,,,
7/30/2017,Hydric,Ancillary,5,,11.9,0.094122841,0.062039341,,,,,,
7/30/2017,Hydric,Ancillary,6,,12.63,0.061768114,0.07444721,0.011319361,0.644345101,,,,
7/30/2017,Hydric,Ancillary,7,,13.21,0.085298824,0.084097774,0.008085258,0.508693501,,,,
7/30/2017,Hydric,Ancillary,8,,13.06,0.100005518,0.17646746,,,,,,
8/6/2017,Hydric,Lysim 3,1,,12.87,0.088240163,0.053767429,0.00350972,0.992250163,,,,
8/6/2017,Hydric,Lysim 3,2,,12.84,0.076474808,0.064796646,0.003008331,1.251098032,,,,
8/6/2017,Hydric,Lysim 3,3,,7.24,,,,,,,,
8/6/2017,Hydric,Lysim 3,4,,13.01,0.150008277,0.056524733,0.002506943,1.531516556,,,,
8/6/2017,Hydric,Lysim 3,5,,12.62,0.070592131,0.045495517,0.004512497,1.876647047,,,,
8/6/2017,Hydric,Ancillary,1,,8.57,0.126477567,0.049631473,0.177491548,0.949108852,,,,
8/6/2017,Hydric,Ancillary,2,,13.21,0.173538988,0.053767429,0.001002777,1.412877949,,,,
8/6/2017,Hydric,Ancillary,3,,13.16,0.197069698,0.049631473,0.002974075,0.258847869,,,,
8/6/2017,Hydric,Ancillary,4,,13.21,0.076474808,0.049631473,0.001982716,0.366701147,,,,
8/6/2017,Hydric,Ancillary,5,,12.39,0.033931818,0.073068558,0.006691668,0.819684917,,,,
8/6/2017,Hydric,Ancillary,6,,13.18,0.032837244,0.06755395,0,0.355915819,,,,
8/6/2017,Hydric,Ancillary,7,,13.26,0.020796921,0.08134047,0.001734877,0.345130491,,,,
8/6/2017,Hydric,Ancillary,8,,13.26,0.030648094,0.180603416,0.002230556,0.539266393,,,,
8/12/2017,Hydric,Ancillary,1,,8.46,0.039404692,,0.114893093,0,,,,
8/12/2017,Hydric,Ancillary,2,,13.39,0.028458944,,0.002971373,0.198297571,,,,
8/12/2017,Hydric,Ancillary,3,,13.23,0.036120968,,0.001980915,0.11664563,,,,
8/12/2017,Hydric,Ancillary,4,,13.33,0.025627446,0.110836292,0.004574847,1.410461138,,,,
8/12/2017,Hydric,Ancillary,5,,13.16,0.034169928,0.110836292,0.011337664,0.831260366,,,,
8/12/2017,Hydric,Ancillary,6,,13.19,0.022779952,0.097194902,0.005967192,0.294963356,,,,
8/12/2017,Hydric,Ancillary,7,,13.29,0.017084964,0.097194902,0.006961724,0.337867117,,,,
8/12/2017,Hydric,Ancillary,8,,13.22,0.031322434,0.184158762,0.007359536,0.477304339,,,,
8/13/2017,Hydric,Lysim 3,1,,13.07,0.019932458,0.093784555,0.008155162,0.209155834,,,,
8/13/2017,Hydric,Lysim 3,2,,12.96,0.034169928,0.102310423,0.00716063,0.402222758,,,,
8/13/2017,Hydric,Lysim 3,3,,7.64,0.076882339,0.093784555,,0.831260366,,,,
8/13/2017,Hydric,Lysim 3,4,,13.09,0.039864916,0.121067334,0.007757349,0.134074253,,,,
8/13/2017,Hydric,Lysim 3,5,,10.28,0.150917184,0.144939766,0.074589897,4.445902217,,,,
8/13/2017,Hydric,Lysim 4,1,,,,,,,,,,
8/13/2017,Hydric,Lysim 4,2,,12.3,0.054102387,0.098900076,0.009149694,0.820534426,,,,
8/13/2017,Hydric,Lysim 4,3,,,,,,,,,,
8/13/2017,Hydric,Lysim 4,4,,12.81,0.102509785,0.095489728,0.010939852,0.927793828,,,,
8/13/2017,Hydric,Lysim 4,5,,12.84,0.039864916,0.066501775,0.012928915,0.412948698,,,,
8/13/2017,Hydric,Ancillary,1,,8.08,0.039864916,0.056270733,,1.153038573,,,,
8/13/2017,Hydric,Ancillary,2,,13.31,0.001,0.083553512,0.007956256,0.091170492,,,,
8/13/2017,Hydric,Ancillary,3,,13.06,0.008542482,0.076732817,0.011337664,0.091170492,,,,
8/13/2017,Hydric,Ancillary,4,,13.27,0.001,0.08696386,0.007956256,0.198429894,,,,
8/13/2017,Hydric,Ancillary,5,,13.1,0.031322434,0.085258686,0.018299388,0.284237416,,,,
8/13/2017,Hydric,Ancillary,6,,13.19,0.02847494,0.076732817,0.013127822,0.198429894,,,,
8/13/2017,Hydric,Ancillary,7,,13.31,0.034169928,0.081848338,0.012928915,0.273511475,,,,
8/13/2017,Hydric,Ancillary,8,,13.12,0.017084964,0.163696677,0.010343132,0.144800193,,,,
8/14/2017,Hydric,Lysim 3,1,,12.97,0.017084964,0.075027644,0.008354068,1.153038573,,,,
8/14/2017,Hydric,Lysim 3,2,,12.78,0.002847494,0.068206949,0.00497266,0.284237416,,,,
8/14/2017,Hydric,Lysim 3,3,,7.61,0.031322434,0.092079381,,0.659645323,,,,
8/14/2017,Hydric,Lysim 3,4,,12.88,0.001,0.083553512,0.010542039,0.391496818,,,,
8/14/2017,Hydric,Lysim 3,5,,12.88,0.04271241,0.088669033,0.010343132,0.337867117,,,,
8/14/2017,Hydric,Lysim 4,1,,7.76,0.170849642,0.139824245,,,,,,
8/14/2017,Hydric,Lysim 4,2,,12.61,0.062644869,0.085258686,0.00994532,0.423674638,,,,
8/14/2017,Hydric,Lysim 4,3,,,,,,,,,,
8/14/2017,Hydric,Lysim 4,4,,12.84,0.031322434,0.069912122,0.010343132,0.370044937,,,,
8/14/2017,Hydric,Lysim 4,5,,12.06,0.074034845,0.095489728,0.008950788,0.380770877,,,,
8/15/2017,Hydric,Lysim 3,1,,13.14,0.019932458,0.076732817,0.007558443,0.294963356,,,,
8/15/2017,Hydric,Lysim 3,2,,13.05,0.083878641,0.097503468,0.010343132,,,,,
8/15/2017,Hydric,Lysim 3,3,,7.46,0.081082687,0.099101886,0.006961724,0.430424903,,,,
8/15/2017,Hydric,Lysim 3,4,,13.06,0.036347411,0.089511381,0.010542039,0.233659233,,,,
8/15/2017,Hydric,Lysim 3,5,,13.03,0.039143366,0.07672404,0,0.418127048,,,,
8/15/2017,Hydric,Lysim 4,1,,7.61,0.102509785,0.102310423,,,,,,
8/15/2017,Hydric,Lysim 4,2,,12.56,0.059797375,0.107425944,0.008950788,0.552385921,,,,
8/15/2017,Hydric,Lysim 4,3,,,,,,,,,,
8/15/2017,Hydric,Lysim 4,4,,12.99,0.074034845,0.083553512,0.011536571,0.455852459,,,,
8/15/2017,Hydric,Lysim 4,5,,12.49,0.037017422,0.14664494,0.009547507,0.327141176,,,,
8/16/2017,Hydric,Lysim 3,1,,13.12,0.001,0.089511381,0.008950788,0.614892718,,,,
8/16/2017,Hydric,Lysim 3,2,,12.96,0.005591909,0.089511381,0.010144226,0.28285065,,,,
8/16/2017,Hydric,Lysim 3,3,,7.52,0.001,0.099101886,0.008155162,0,,,,
8/16/2017,Hydric,Lysim 3,4,,13.14,0.019571683,0.097503468,0,0.922339077,,,,
8/16/2017,Hydric,Lysim 3,5,,13,0.008387864,0.081519293,0.007359536,1.401955397,,,,
8/16/2017,Hydric,Lysim 4,1,,7.77,0.192920875,0.118282896,0.033585533,0.270552796,,,,
8/16/2017,Hydric,Lysim 4,2,,12.05,0.011183819,0.103897138,0,0.442722757,,,,
8/16/2017,Hydric,Lysim 4,3,,7.88,0.027959547,0.190211684,0.006961724,0,,,,
8/16/2017,Hydric,Lysim 4,4,,12.97,0.002795955,0.084716128,0,0.356637776,,,,
8/16/2017,Hydric,Lysim 4,5,,12.51,0.001,0.089511381,0.008354068,0.319744213,,,,
8/17/2017,Hydric,Lysim 3,1,,12.93,0.019571683,0.091109798,0.006961724,0,,,,
8/17/2017,Hydric,Lysim 3,2,,12.87,0.001,0.091109798,0.005370473,0.418127048,,,,
8/17/2017,Hydric,Lysim 3,3,,7.62,0.008387864,0.097503468,0.006961724,1.180594018,,,,
8/17/2017,Hydric,Lysim 3,4,,12.95,0.005591909,0.089511381,0,0.67638199,,,,
8/17/2017,Hydric,Lysim 3,5,,12.89,0.097858415,0.092708216,0.006961724,0.688679844,,,,
8/17/2017,Hydric,Lysim 4,1,,7.37,0.10065437,0.116684478,0.010343132,0,,,,
8/17/2017,Hydric,Lysim 4,2,,12.12,0.025163592,0.121479731,0,0.725573407,,,,
8/17/2017,Hydric,Lysim 4,3,,7.99,0.086674596,0.187014849,0.005370473,1.168296164,,,,
8/17/2017,Hydric,Lysim 4,4,,13.04,0.025163592,0.089511381,0,0.639488427,,,,
8/17/2017,Hydric,Lysim 4,5,,12.58,0.019571683,0.103897138,0.007757349,1.328168271,,,,
8/19/2017,Hydric,Lysim 4,1,,8,0.033551457,0.100700303,0.005569379,2.20131593,,,,
8/19/2017,Hydric,Lysim 4,2,,10.09,0.001,0.103897138,0,1.045317621,,,,
8/19/2017,Hydric,Lysim 4,3,,9.72,0.067102913,0.163038586,0.007757349,1.352763979,,,,
8/19/2017,Hydric,Lysim 4,4,,12.98,0.001,0.087912963,0.005569379,0.344339922,,,,
8/19/2017,Hydric,Lysim 4,5,,12.09,0.001,0.094306633,0.010740945,0.516509883,,,,
8/19/2017,Hydric,Ancillary,1,,7.85,0.025163592,0.067133535,0.006365005,0.012297854,,,,
8/19/2017,Hydric,Ancillary,2,,13.38,0.001,0.081519293,0,0.553403446,,,,
8/19/2017,Hydric,Ancillary,3,,13.08,0.001,0.078322458,0.007558443,0.553403446,,,,
8/19/2017,Hydric,Ancillary,4,,13.18,0.001,0.081519293,0.008950788,0.28285065,,,,
8/19/2017,Hydric,Ancillary,5,,12.83,0.001,0.083117711,0.005768285,0.922339077,,,,
8/19/2017,Hydric,Ancillary,6,,13.22,0.022367638,0.099101886,0.005967192,0.725573407,,,,
8/19/2017,Hydric,Ancillary,7,,13.15,0.011183819,0.087912963,0.006563911,0,,,,
8/19/2017,Hydric,Ancillary,8,,11.96,0.013979774,0.086314546,0.004574847,0.885445514,,,,
8/25/2017,Hydric,Lysim 4,1,,7.61,0.259818827,0.091500928,,0.846557155,,,,
8/25/2017,Hydric,Lysim 4,2,,11.75,0,0.091500928,0.00409117,0.336452202,,,,
8/25/2017,Hydric,Lysim 4,3,,,,,,,,,,
8/25/2017,Hydric,Lysim 4,4,,12.96,0,0.096233735,0.006818617,0.260479124,,,,
8/25/2017,Hydric,Lysim 4,5,,12.62,0.016944706,0.09307853,0.007636851,0.531811546,,,,
8/25/2017,Hydric,Ancillary,1,,,,,,,,,,
8/25/2017,Hydric,Ancillary,2,,13.24,0.001,0.083612917,0.003611131,0.325598906,,,,
8/25/2017,Hydric,Ancillary,3,,12.9,0.001,0.083612917,0.002181958,0.336452202,,,,
8/25/2017,Hydric,Ancillary,4,,13.23,0.001,0.086768121,0.006000383,0.314745609,,,,
8/25/2017,Hydric,Ancillary,5,,13.1,0.050834118,0.091500928,0.006000383,0.401571984,,,,
8/25/2017,Hydric,Ancillary,6,,13.16,0.031065295,0.07888011,0.004363915,0.390718687,,,,
8/25/2017,Hydric,Ancillary,7,,12.86,0.042361765,0.086768121,0.005182149,0.314745609,,,,
8/25/2017,Hydric,Ancillary,8,,11.67,0.019768824,0.082035315,0.005727639,0.75973078,,,,
8/27/2017,Hydric,Lysim 4,1,,7.51,0.12143706,0.104121746,,0.835703858,,,,
8/27/2017,Hydric,Lysim 4,2,,10.31,0.016944706,0.096233735,0.002727447,0.444985171,,,,
8/27/2017,Hydric,Lysim 4,3,,,,,,,,,,
8/27/2017,Hydric,Lysim 4,4,,13.03,0.028241177,0.091500928,0.005727639,0.369012093,,,,
8/27/2017,Hydric,Lysim 4,5,,12.41,0.022592941,0.088345724,0.008455085,0.358158796,,,,
8/27/2017,Hydric,Lysim 5,1,,12.99,0.056482354,0.088345724,0.028910937,1.465195075,,,,
8/27/2017,Hydric,Lysim 5,2,,10.13,0.019768824,0.129363381,0.015273703,4.894836881,,,,
8/27/2017,Hydric,Lysim 5,3,,8.41,1.244963955,0.261043622,0.069549896,5.876259063,,,,
8/27/2017,Hydric,Lysim 5,4,,12.86,0.293416615,0.114522363,0.040366214,1.208445156,,,,
8/27/2017,Hydric,Lysim 5,5,,8.76,0.427784971,0.25262286,0.268926266,17.78437099,,,,
8/28/2017,Hydric,Lysim 4,1,,8.1,0.164532681,0.097680839,,0.420103252,,,,
8/28/2017,Hydric,Lysim 4,2,,8.39,0.063070861,0.134732192,0.028638193,0.420103252,,,,
8/28/2017,Hydric,Lysim 4,3,,,,,,,,,,
8/28/2017,Hydric,Lysim 4,4,,12.9,0.013711057,0.102733297,0.006000383,0,,,,
8/28/2017,Hydric,Lysim 4,5,,12.14,0.052102016,0.111154059,0.006629831,0.337119893,,,,
8/28/2017,Hydric,Lysim 5,1,,13.12,0.027422114,0.124627278,0.006629831,0.420103252,,,,
8/28/2017,Hydric,Lysim 5,2,,9.18,0.079524129,0.144837107,0.075690573,4.51740657,,,,
8/28/2017,Hydric,Lysim 5,3,,9.61,0.063070861,0.13304804,0.00469613,0.959495081,,,,
8/28/2017,Hydric,Lysim 5,4,,11.98,0.049359804,0.109469906,0.007182317,0.648307487,,,,
8/28/2017,Hydric,Lysim 5,5,,8.99,0.063070861,0.181888459,0.048895005,0.596442888,,,,
8/29/2017,Hydric,Lysim 4,1,,7.98,0.063070861,0.190309221,,0.451222011,,,,
8/29/2017,Hydric,Lysim 4,2,,12.12,0.032906536,0.119574821,0.004678323,0.347492813,,,,
8/29/2017,Hydric,Lysim 4,3,,,,,,,,,,
8/29/2017,Hydric,Lysim 4,4,,12.85,0.038390959,0.104417449,0.013484579,0.420103252,,,,
8/29/2017,Hydric,Lysim 4,5,,11.47,0.030164325,0.101049144,0.008806256,0.430476171,,,,
8/29/2017,Hydric,Lysim 5,1,,13.07,0.04113317,0.102733297,0.003852737,0.378611572,,,,
8/29/2017,Hydric,Lysim 5,2,,12.9,0.035648748,0.127995583,0.001651173,0.731290845,,,,
8/29/2017,Hydric,Lysim 5,3,,9.68,0.085008552,0.141468802,0.003302346,0.752036685,,,,
8/29/2017,Hydric,Lysim 5,4,,12.8,0.030164325,0.119574821,0.007705474,0.451222011,,,,
8/29/2017,Hydric,Lysim 5,5,,11.81,0.038390959,0.141468802,0.017062121,0.627561648,,,,
8/29/2017,Hydric,Ancillary,1,,,,,,,,,,
8/29/2017,Hydric,Ancillary,2,,12.64,0.038390959,0.109469906,0.001381215,0.388984492,,,,
8/29/2017,Hydric,Ancillary,3,,12.87,0.052102016,0.107785754,0.00302715,0.48234077,,,,
8/29/2017,Hydric,Ancillary,4,,13.16,0.153563836,0.138100497,0.006879887,0.793528364,,,,
8/29/2017,Hydric,Ancillary,5,,12.79,0.024679902,0.116206516,0.00550391,0.51345953,,,,
8/29/2017,Hydric,Ancillary,6,,12.96,0.063070861,0.107785754,0.004953519,0.306001134,,,,
8/29/2017,Hydric,Ancillary,7,,12.76,0.087750763,0.101049144,0.00550391,0.399357412,,,,
8/29/2017,Hydric,Ancillary,8,,11.25,0.06032865,0.122943125,0.018988489,0.471967851,,,,
8/30/2017,Hydric,Lysim 4,1,,8,0.025781491,0.044042902,,0,,,,
8/30/2017,Hydric,Lysim 4,2,,11.05,0.030078406,0.055595139,0.011040312,0,,,,
8/30/2017,Hydric,Lysim 4,3,,,,,,,,,,
8/30/2017,Hydric,Lysim 4,4,,12.82,0.022558805,0.05270708,0.010771037,0,,,,
8/30/2017,Hydric,Lysim 4,5,,12.47,0.022558805,0.049097006,0.010232485,0,,,,
8/30/2017,Hydric,Lysim 5,1,,13.18,0.024707262,0.054151109,0.008616829,0.049284255,,,,
8/30/2017,Hydric,Lysim 5,2,,12.62,0.039746465,0.064981331,0.005654794,0.125948651,,,,
8/30/2017,Hydric,Lysim 5,3,,9.9,0.033301093,0.064981331,0.007001174,0.235469217,,,,
8/30/2017,Hydric,Lysim 5,4,,12.9,0.025781491,0.049819021,0.007809002,0.071188368,,,,
8/30/2017,Hydric,Lysim 5,5,,10.78,0.027929949,0.097471997,0.017233658,0,,,,
8/31/2017,Hydric,Lysim 4,1,,8.26,0.032226864,0.044042902,0.013733072,0,,,,
8/31/2017,Hydric,Lysim 4,2,,9.7,0.036523779,0.057761183,0.00592407,0.038332198,,,,
8/31/2017,Hydric,Lysim 4,3,,7.96,0.064453728,0.059205213,,0.093092481,,,,
8/31/2017,Hydric,Lysim 4,4,,13.21,0.030078406,0.044764917,0.007001174,0.049284255,,,,
8/31/2017,Hydric,Lysim 4,5,,10.57,0.033301093,0.096027967,0.021272797,0,,,,
8/31/2017,Hydric,Lysim 5,1,,13.25,0.021484576,0.045486932,0.007809002,0.005476028,,,,
8/31/2017,Hydric,Lysim 5,2,,11.23,0.032226864,0.070035435,0.005654794,0.169756878,,,,
8/31/2017,Hydric,Lysim 5,3,,9.76,0.033301093,0.06931342,0.00592407,0.969257011,,,,
8/31/2017,Hydric,Lysim 5,4,,13.23,0.029004177,0.049819021,0.008078277,0,,,,
8/31/2017,Hydric,Lysim 5,5,,12.71,0.052637211,0.056317154,0.011578864,0.246421274,,,,
9/1/2017,Hydric,Lysim 5,1,,13.1,0.027929949,0.051985065,0.009155381,0,,,,
9/1/2017,Hydric,Lysim 5,2,,12.98,0.020410347,0.057761183,0.006462622,0,,,,
9/1/2017,Hydric,Lysim 5,3,,10.28,0.032226864,0.059927228,0.006193346,0.147852764,,,,
9/1/2017,Hydric,Lysim 5,4,,13.24,0.031152635,0.046930961,0.007539726,0,,,,
9/1/2017,Hydric,Lysim 5,5,,12.98,0.032226864,0.08591976,0.017817522,0,,,,
9/2/2017,Hydric,Lysim 5,1,,13.11,0.020410347,0.049097006,0.007828911,0.136900708,,,,
9/2/2017,Hydric,Lysim 5,2,,10.45,0.020410347,0.067147375,0.006479099,0.246421274,,,,
9/2/2017,Hydric,Lysim 5,3,,9.85,0.024707262,0.06931342,0.005399249,1.122585804,,,,
9/2/2017,Hydric,Lysim 5,4,,13.2,,,,,,,,
9/2/2017,Hydric,Lysim 5,5,,12.13,,,,,,,,
6/1/2018,Hydric,Lysim,1,D,12.6,0,0,0.003555666,3.709961405,0.001683161,,,
6/1/2018,Hydric,Lysim,2,M,12.8,0,0.024870933,0,0,0.000488282,,,
6/1/2018,Hydric,Lysim,3,S,,,,,,,,,
6/1/2018,Hydric,Lysim,4,M,12.7,0,0,0.038565301,0.114741074,0.000114882,,,
6/1/2018,Hydric,Lysim,5,S,7.3,,0.229365271,,,,,,
6/10/2018,Hydric,Lysim,1,M,12.8,0,0,0.006694365,0.727511478,0.007466896,,,
6/10/2018,Hydric,Lysim,2,M,12.7,0,0,0,0,0.006595285,,,
6/10/2018,Hydric,Lysim,3,S,7.4,,,,,,,,
6/10/2018,Hydric,Lysim,4,M,12.8,0,0,0.0157987,0,0.002812883,,,
6/10/2018,Hydric,Lysim,5,M,12.8,0,0,0.018208672,0,0.001612281,,,
6/15/2018,Hydric,Lysim,1,M,12.9,0.001831027,0,0,1.044711304,0,,,
6/15/2018,Hydric,Lysim,2,D,12.7,0,0,0.005092836,0.081760015,0.000402512,,,
6/15/2018,Hydric,Lysim,3,D,7.7,0.363916695,0.357946616,,0,,Silt,,
6/15/2018,Hydric,Lysim,4,F,12.9,0,0,0.000727548,0.16352003,0.004861111,,,
6/15/2018,Hydric,Lysim,5,M,12.6,0.024261113,0,0.030071984,0,0,tb,,
6/24/2018,Hydric,Lysim,1,D,12.7,0,0,0,,,,,
6/24/2018,Hydric,Lysim,2,D,12.6,0,0,0,0,0,,,
6/24/2018,Hydric,Lysim,3,D,8,0.191283264,0.306931476,,0,0,B,,
6/24/2018,Hydric,Lysim,4,M,12.8,0.020415383,0,0.0005,0.577556206,0,tb,,
6/24/2018,Hydric,Lysim,5,M,12.6,0.007988628,0,0.0009,0,0.002311644,tb,,
6/29/2018,Hydric,Lysim,1,F,12.9,0.011095317,0,0,0.503825626,0.000908091,,,
6/29/2018,Hydric,Lysim,2,D,13.1,0.026628761,0,0.000967096,0.430095047,0.001095972,,,
6/29/2018,Hydric,Lysim,3,D,12.5,0.067015714,0,0.002417741,0.602133065,0.001283852,Silt,,
6/29/2018,Hydric,Lysim,4,M,12.5,0.007988628,0,0.000967096,0.466960336,0.001659614,,,
6/29/2018,Hydric,Lysim,5,M,12.3,0.042162204,0,0.008703868,0.491537196,0.004008125,B,,
7/7/2018,Hydric,Lysim,1,M,12.8,0,0,0.001412855,0.115808714,0.001501623,,,
7/7/2018,Hydric,Lysim,2,D,12.4,0,0,0,0.283087969,0.001501623,,,
7/7/2018,Hydric,Lysim,3,D,12.4,0.03662694,0,0.00447404,0.334558508,0.00174513,B,,
7/7/2018,Hydric,Lysim,4,M,12.4,0.017635194,0,0.000470952,0.437499588,0.001623377,,,
7/7/2018,Hydric,Lysim,5,D,12.5,0.004974029,0,0.012009266,0.218749794,0.010998377,tb,,
7/15/2018,Hydric,Lysim,1,M,13,0.23146571,0,0.081,0.03828217,0.006171745,,,
7/15/2018,Hydric,Lysim,2,D,12.9,0.181242018,0,0.084333333,0.158597563,0.004747496,,,
7/15/2018,Hydric,Lysim,3,D,12.9,0.265312111,0,0.086333333,0.464854926,0.005623957,,,
7/15/2018,Hydric,Lysim,4,F,12.8,0.01746911,0,0.094,0.1476598,0.00365192,,,
7/15/2018,Hydric,Lysim,5,D,12.7,0.015285471,0,0.083666667,0.322664007,0.002775459,tb,,
7/21/2018,Hydric,Lysim,1,M,12.8,1.152524811,0,0.001683052,0,0.003561047,,,
7/21/2018,Hydric,Lysim,2,D,12.9,0.034148883,0,0.001442616,0.421103874,0.009526956,,,
7/21/2018,Hydric,Lysim,3,D,12.5,0.051223325,0,0.005770464,0.1612043,0.005225951,,,
7/21/2018,Hydric,Lysim,4,M,12.9,0.290265508,0,0.002885232,0.47167184,0.003561047,,,
7/21/2018,Hydric,Lysim,5,D,12.7,0.552073613,0.021279758,0.009857876,0.340320188,0.006197146,,,
7/29/2018,Hydric,Lysim,1,M,13,0.078165905,0,0,0.945637997,0.006707528,B,,
7/29/2018,Hydric,Lysim,2,M,12.8,0.034264506,0,0,0.790383998,0.001631561,,,
7/29/2018,Hydric,Lysim,3,S,12.7,0,0,0,0.649243998,0.000906423,,,
7/29/2018,Hydric,Lysim,4,M,13,0,0,0.00763461,0.451647999,0.005891747,,,
7/29/2018,Hydric,Lysim,5,D,12.7,0,0,0,1.566653996,0.002991195,,,
8/3/2018,Hydric,Lysim,1,F,12.4,0.025106612,0,0.009064387,0.256732773,0,B,,
8/3/2018,Hydric,Lysim,2,S,12.4,0.018829959,0,0.008390855,0.352261247,0.003836883,,,
8/3/2018,Hydric,Lysim,3,S,12.1,0,0,0.01373049,0.698551965,0.004303531,,,
8/3/2018,Hydric,Lysim,4,F,13,0,0,0.014747563,0.328379129,0.003681334,,,
8/3/2018,Hydric,Lysim,5,D,12.5,0,0,0.014747563,0.555259254,0.012392096,,,
